benchmark,scenario,training_regime,model,variant_name,replay_fraction_per_task,replay_size_per_task,stage_label,stage_index,eval_task,mean_accuracy,std_accuracy,mean_positive_rate,mean_mean_logit,mean_std_logit,n
sdfc,shared_head,sequential,dendritic_affine_separate,dendritic_affine_separate_shared_head_sequential_tasks4_epochs5_hd128-128_lr1e-03_aplr1_apinit4_temp1_replaypct0_replaysize0,0.0,0,after_task_0,0,0,0.9576,0.005549774770204681,0.4948,0.08719535879790788,10.276178741455078,5
sdfc,shared_head,sequential,dendritic_affine_separate,dendritic_affine_separate_shared_head_sequential_tasks4_epochs5_hd128-128_lr1e-03_aplr1_apinit4_temp1_replaypct0_replaysize0,0.0,0,after_task_0,0,1,0.5058999999999999,0.007360366838684087,0.43660000000000004,-1.0603734493255614,6.3908308982849125,5
sdfc,shared_head,sequential,dendritic_affine_separate,dendritic_affine_separate_shared_head_sequential_tasks4_epochs5_hd128-128_lr1e-03_aplr1_apinit4_temp1_replaypct0_replaysize0,0.0,0,after_task_0,0,2,0.4936999999999999,0.006210877554742167,0.5336000000000001,0.7678571105003357,6.205554676055908,5
sdfc,shared_head,sequential,dendritic_affine_separate,dendritic_affine_separate_shared_head_sequential_tasks4_epochs5_hd128-128_lr1e-03_aplr1_apinit4_temp1_replaypct0_replaysize0,0.0,0,after_task_0,0,3,0.1393,0.13383319842251398,0.44670000000000004,-0.7924759238958359,5.903697204589844,5
sdfc,shared_head,sequential,dendritic_affine_separate,dendritic_affine_separate_shared_head_sequential_tasks4_epochs5_hd128-128_lr1e-03_aplr1_apinit4_temp1_replaypct0_replaysize0,0.0,0,after_task_1,1,0,0.6956,0.043835487906489695,0.42779999999999996,-1.1228745698928833,5.416436004638672,5
sdfc,shared_head,sequential,dendritic_affine_separate,dendritic_affine_separate_shared_head_sequential_tasks4_epochs5_hd128-128_lr1e-03_aplr1_apinit4_temp1_replaypct0_replaysize0,0.0,0,after_task_1,1,1,0.9652000000000001,0.0021095023109729016,0.5081,-0.3729444444179535,9.558917617797851,5
sdfc,shared_head,sequential,dendritic_affine_separate,dendritic_affine_separate_shared_head_sequential_tasks4_epochs5_hd128-128_lr1e-03_aplr1_apinit4_temp1_replaypct0_replaysize0,0.0,0,after_task_1,1,2,0.21669999999999998,0.0863174374040379,0.40440000000000004,-1.0901792258024217,5.219731712341309,5
sdfc,shared_head,sequential,dendritic_affine_separate,dendritic_affine_separate_shared_head_sequential_tasks4_epochs5_hd128-128_lr1e-03_aplr1_apinit4_temp1_replaypct0_replaysize0,0.0,0,after_task_1,1,3,0.4363,0.026477820907317883,0.4521,-0.9437101483345032,5.360688400268555,5
sdfc,shared_head,sequential,dendritic_affine_separate,dendritic_affine_separate_shared_head_sequential_tasks4_epochs5_hd128-128_lr1e-03_aplr1_apinit4_temp1_replaypct0_replaysize0,0.0,0,after_task_2,2,0,0.5837,0.0659314037466214,0.5799000000000001,1.0222073554992677,3.828773021697998,5
sdfc,shared_head,sequential,dendritic_affine_separate,dendritic_affine_separate_shared_head_sequential_tasks4_epochs5_hd128-128_lr1e-03_aplr1_apinit4_temp1_replaypct0_replaysize0,0.0,0,after_task_2,2,1,0.5045,0.16677642219450564,0.7407999999999999,2.2506173729896544,2.0511636972427367,5
sdfc,shared_head,sequential,dendritic_affine_separate,dendritic_affine_separate_shared_head_sequential_tasks4_epochs5_hd128-128_lr1e-03_aplr1_apinit4_temp1_replaypct0_replaysize0,0.0,0,after_task_2,2,2,0.9641,0.00041833001326706303,0.49660000000000004,0.7474159300327301,9.576524925231933,5
sdfc,shared_head,sequential,dendritic_affine_separate,dendritic_affine_separate_shared_head_sequential_tasks4_epochs5_hd128-128_lr1e-03_aplr1_apinit4_temp1_replaypct0_replaysize0,0.0,0,after_task_2,2,3,0.4883,0.0188500663128807,0.4833,0.4009723424911499,4.307874631881714,5
sdfc,shared_head,sequential,dendritic_affine_separate,dendritic_affine_separate_shared_head_sequential_tasks4_epochs5_hd128-128_lr1e-03_aplr1_apinit4_temp1_replaypct0_replaysize0,0.0,0,after_task_3,3,0,0.2835,0.17389256740873082,0.4471,-0.6403308510780334,3.625274658203125,5
sdfc,shared_head,sequential,dendritic_affine_separate,dendritic_affine_separate_shared_head_sequential_tasks4_epochs5_hd128-128_lr1e-03_aplr1_apinit4_temp1_replaypct0_replaysize0,0.0,0,after_task_3,3,1,0.5492,0.11091415599462492,0.6269,1.7651447296142577,5.214057397842407,5
sdfc,shared_head,sequential,dendritic_affine_separate,dendritic_affine_separate_shared_head_sequential_tasks4_epochs5_hd128-128_lr1e-03_aplr1_apinit4_temp1_replaypct0_replaysize0,0.0,0,after_task_3,3,2,0.7582,0.04518794086921864,0.3673,-2.789563703536987,7.896699333190918,5
sdfc,shared_head,sequential,dendritic_affine_separate,dendritic_affine_separate_shared_head_sequential_tasks4_epochs5_hd128-128_lr1e-03_aplr1_apinit4_temp1_replaypct0_replaysize0,0.0,0,after_task_3,3,3,0.9624,0.003697972417420128,0.49079999999999996,-0.08876191377639768,10.925164031982423,5
sdfc,shared_head,sequential,dendritic_affine_separate,dendritic_affine_separate_shared_head_sequential_tasks4_epochs5_hd128-128_lr1e-03_aplr1_apinit4_temp1_replaypct10_replaysize1000,0.1,1000,after_task_0,0,0,0.9576,0.005549774770204681,0.4948,0.08719535879790788,10.276178741455078,5
sdfc,shared_head,sequential,dendritic_affine_separate,dendritic_affine_separate_shared_head_sequential_tasks4_epochs5_hd128-128_lr1e-03_aplr1_apinit4_temp1_replaypct10_replaysize1000,0.1,1000,after_task_0,0,1,0.5058999999999999,0.007360366838684087,0.43660000000000004,-1.0603734493255614,6.3908308982849125,5
sdfc,shared_head,sequential,dendritic_affine_separate,dendritic_affine_separate_shared_head_sequential_tasks4_epochs5_hd128-128_lr1e-03_aplr1_apinit4_temp1_replaypct10_replaysize1000,0.1,1000,after_task_0,0,2,0.4936999999999999,0.006210877554742167,0.5336000000000001,0.7678571105003357,6.205554676055908,5
sdfc,shared_head,sequential,dendritic_affine_separate,dendritic_affine_separate_shared_head_sequential_tasks4_epochs5_hd128-128_lr1e-03_aplr1_apinit4_temp1_replaypct10_replaysize1000,0.1,1000,after_task_0,0,3,0.1393,0.13383319842251398,0.44670000000000004,-0.7924759238958359,5.903697204589844,5
sdfc,shared_head,sequential,dendritic_affine_separate,dendritic_affine_separate_shared_head_sequential_tasks4_epochs5_hd128-128_lr1e-03_aplr1_apinit4_temp1_replaypct10_replaysize1000,0.1,1000,after_task_1,1,0,0.9588000000000001,0.00330907842155488,0.5085999999999999,0.839815479516983,11.913222885131836,5
sdfc,shared_head,sequential,dendritic_affine_separate,dendritic_affine_separate_shared_head_sequential_tasks4_epochs5_hd128-128_lr1e-03_aplr1_apinit4_temp1_replaypct10_replaysize1000,0.1,1000,after_task_1,1,1,0.9654999999999999,0.0008660254037844488,0.5092,-0.12951844185590744,9.261086654663085,5
sdfc,shared_head,sequential,dendritic_affine_separate,dendritic_affine_separate_shared_head_sequential_tasks4_epochs5_hd128-128_lr1e-03_aplr1_apinit4_temp1_replaypct10_replaysize1000,0.1,1000,after_task_1,1,2,0.3528,0.04620687178331811,0.5037,0.5315441697835923,4.882902526855469,5
sdfc,shared_head,sequential,dendritic_affine_separate,dendritic_affine_separate_shared_head_sequential_tasks4_epochs5_hd128-128_lr1e-03_aplr1_apinit4_temp1_replaypct10_replaysize1000,0.1,1000,after_task_1,1,3,0.2808,0.11625758039801103,0.461,-0.2507913153618574,5.109516763687134,5
sdfc,shared_head,sequential,dendritic_affine_separate,dendritic_affine_separate_shared_head_sequential_tasks4_epochs5_hd128-128_lr1e-03_aplr1_apinit4_temp1_replaypct10_replaysize1000,0.1,1000,after_task_2,2,0,0.9545,0.004198213905936683,0.5126999999999999,0.90833078622818,12.144165992736816,5
sdfc,shared_head,sequential,dendritic_affine_separate,dendritic_affine_separate_shared_head_sequential_tasks4_epochs5_hd128-128_lr1e-03_aplr1_apinit4_temp1_replaypct10_replaysize1000,0.1,1000,after_task_2,2,1,0.9641,0.0023558437978779307,0.5064,0.1816384553909302,8.395173072814941,5
sdfc,shared_head,sequential,dendritic_affine_separate,dendritic_affine_separate_shared_head_sequential_tasks4_epochs5_hd128-128_lr1e-03_aplr1_apinit4_temp1_replaypct10_replaysize1000,0.1,1000,after_task_2,2,2,0.9661,0.0008944271909999252,0.49239999999999995,0.021532487869262696,9.702812385559081,5
sdfc,shared_head,sequential,dendritic_affine_separate,dendritic_affine_separate_shared_head_sequential_tasks4_epochs5_hd128-128_lr1e-03_aplr1_apinit4_temp1_replaypct10_replaysize1000,0.1,1000,after_task_2,2,3,0.3812,0.0457433055211361,0.5248,-0.36458219438791273,3.5739031791687013,5
sdfc,shared_head,sequential,dendritic_affine_separate,dendritic_affine_separate_shared_head_sequential_tasks4_epochs5_hd128-128_lr1e-03_aplr1_apinit4_temp1_replaypct10_replaysize1000,0.1,1000,after_task_3,3,0,0.9564999999999999,0.0037080992435478237,0.5095,0.9674557209014892,11.904076576232912,5
sdfc,shared_head,sequential,dendritic_affine_separate,dendritic_affine_separate_shared_head_sequential_tasks4_epochs5_hd128-128_lr1e-03_aplr1_apinit4_temp1_replaypct10_replaysize1000,0.1,1000,after_task_3,3,1,0.9625,0.003482097069296027,0.51,0.23298754692077636,10.84740982055664,5
sdfc,shared_head,sequential,dendritic_affine_separate,dendritic_affine_separate_shared_head_sequential_tasks4_epochs5_hd128-128_lr1e-03_aplr1_apinit4_temp1_replaypct10_replaysize1000,0.1,1000,after_task_3,3,2,0.9640000000000001,0.003181980515339498,0.49470000000000003,-0.15243396759033204,9.862991333007812,5
sdfc,shared_head,sequential,dendritic_affine_separate,dendritic_affine_separate_shared_head_sequential_tasks4_epochs5_hd128-128_lr1e-03_aplr1_apinit4_temp1_replaypct10_replaysize1000,0.1,1000,after_task_3,3,3,0.9578,0.006006246748178134,0.5084,0.6805566713213921,11.07340030670166,5
sdfc,shared_head,sequential,dendritic_affine_separate,dendritic_affine_separate_shared_head_sequential_tasks4_epochs5_hd128-128_lr1e-03_aplr1_apinit4_temp1_replaypct2_replaysize200,0.02,200,after_task_0,0,0,0.9576,0.005549774770204681,0.4948,0.08719535879790788,10.276178741455078,5
sdfc,shared_head,sequential,dendritic_affine_separate,dendritic_affine_separate_shared_head_sequential_tasks4_epochs5_hd128-128_lr1e-03_aplr1_apinit4_temp1_replaypct2_replaysize200,0.02,200,after_task_0,0,1,0.5058999999999999,0.007360366838684087,0.43660000000000004,-1.0603734493255614,6.3908308982849125,5
sdfc,shared_head,sequential,dendritic_affine_separate,dendritic_affine_separate_shared_head_sequential_tasks4_epochs5_hd128-128_lr1e-03_aplr1_apinit4_temp1_replaypct2_replaysize200,0.02,200,after_task_0,0,2,0.4936999999999999,0.006210877554742167,0.5336000000000001,0.7678571105003357,6.205554676055908,5
sdfc,shared_head,sequential,dendritic_affine_separate,dendritic_affine_separate_shared_head_sequential_tasks4_epochs5_hd128-128_lr1e-03_aplr1_apinit4_temp1_replaypct2_replaysize200,0.02,200,after_task_0,0,3,0.1393,0.13383319842251398,0.44670000000000004,-0.7924759238958359,5.903697204589844,5
sdfc,shared_head,sequential,dendritic_affine_separate,dendritic_affine_separate_shared_head_sequential_tasks4_epochs5_hd128-128_lr1e-03_aplr1_apinit4_temp1_replaypct2_replaysize200,0.02,200,after_task_1,1,0,0.9423,0.01066302021005308,0.5130999999999999,1.0775033414363862,12.78013572692871,5
sdfc,shared_head,sequential,dendritic_affine_separate,dendritic_affine_separate_shared_head_sequential_tasks4_epochs5_hd128-128_lr1e-03_aplr1_apinit4_temp1_replaypct2_replaysize200,0.02,200,after_task_1,1,1,0.9661,0.0013874436925511728,0.5109999999999999,-0.09578735828399658,9.421526145935058,5
sdfc,shared_head,sequential,dendritic_affine_separate,dendritic_affine_separate_shared_head_sequential_tasks4_epochs5_hd128-128_lr1e-03_aplr1_apinit4_temp1_replaypct2_replaysize200,0.02,200,after_task_1,1,2,0.3653,0.057798788914647695,0.4892,0.39302332401275636,5.231841087341309,5
sdfc,shared_head,sequential,dendritic_affine_separate,dendritic_affine_separate_shared_head_sequential_tasks4_epochs5_hd128-128_lr1e-03_aplr1_apinit4_temp1_replaypct2_replaysize200,0.02,200,after_task_1,1,3,0.2867,0.11673506328434487,0.4603,-0.27411807477474215,5.517698574066162,5
sdfc,shared_head,sequential,dendritic_affine_separate,dendritic_affine_separate_shared_head_sequential_tasks4_epochs5_hd128-128_lr1e-03_aplr1_apinit4_temp1_replaypct2_replaysize200,0.02,200,after_task_2,2,0,0.9371,0.00851028789172257,0.5201,1.162276154756546,12.682813835144042,5
sdfc,shared_head,sequential,dendritic_affine_separate,dendritic_affine_separate_shared_head_sequential_tasks4_epochs5_hd128-128_lr1e-03_aplr1_apinit4_temp1_replaypct2_replaysize200,0.02,200,after_task_2,2,1,0.9587,0.007766917020285489,0.5052,0.31982945203781127,9.947691535949707,5
sdfc,shared_head,sequential,dendritic_affine_separate,dendritic_affine_separate_shared_head_sequential_tasks4_epochs5_hd128-128_lr1e-03_aplr1_apinit4_temp1_replaypct2_replaysize200,0.02,200,after_task_2,2,2,0.9658999999999999,0.0018841443681416774,0.4952,0.11133410334587097,9.6349702835083,5
sdfc,shared_head,sequential,dendritic_affine_separate,dendritic_affine_separate_shared_head_sequential_tasks4_epochs5_hd128-128_lr1e-03_aplr1_apinit4_temp1_replaypct2_replaysize200,0.02,200,after_task_2,2,3,0.3926,0.043181882775071304,0.5296000000000001,-0.2846525967121125,3.2721410512924196,5
sdfc,shared_head,sequential,dendritic_affine_separate,dendritic_affine_separate_shared_head_sequential_tasks4_epochs5_hd128-128_lr1e-03_aplr1_apinit4_temp1_replaypct2_replaysize200,0.02,200,after_task_3,3,0,0.9419000000000001,0.00811171991626926,0.5187,1.444023311138153,12.407193374633788,5
sdfc,shared_head,sequential,dendritic_affine_separate,dendritic_affine_separate_shared_head_sequential_tasks4_epochs5_hd128-128_lr1e-03_aplr1_apinit4_temp1_replaypct2_replaysize200,0.02,200,after_task_3,3,1,0.9573,0.011322543883774561,0.5056,0.18178536295890813,13.789725875854492,5
sdfc,shared_head,sequential,dendritic_affine_separate,dendritic_affine_separate_shared_head_sequential_tasks4_epochs5_hd128-128_lr1e-03_aplr1_apinit4_temp1_replaypct2_replaysize200,0.02,200,after_task_3,3,2,0.9584999999999999,0.003535533905932757,0.49939999999999996,0.22729847133159647,11.19415740966797,5
sdfc,shared_head,sequential,dendritic_affine_separate,dendritic_affine_separate_shared_head_sequential_tasks4_epochs5_hd128-128_lr1e-03_aplr1_apinit4_temp1_replaypct2_replaysize200,0.02,200,after_task_3,3,3,0.9586,0.003927467377331089,0.5042,0.4821603879332542,11.213920402526856,5
sdfc,shared_head,sequential,dendritic_affine_separate,dendritic_affine_separate_shared_head_sequential_tasks4_epochs5_hd128-128_lr1e-03_aplr1_apinit4_temp1_replaypct5_replaysize500,0.05,500,after_task_0,0,0,0.9576,0.005549774770204681,0.4948,0.08719535879790788,10.276178741455078,5
sdfc,shared_head,sequential,dendritic_affine_separate,dendritic_affine_separate_shared_head_sequential_tasks4_epochs5_hd128-128_lr1e-03_aplr1_apinit4_temp1_replaypct5_replaysize500,0.05,500,after_task_0,0,1,0.5058999999999999,0.007360366838684087,0.43660000000000004,-1.0603734493255614,6.3908308982849125,5
sdfc,shared_head,sequential,dendritic_affine_separate,dendritic_affine_separate_shared_head_sequential_tasks4_epochs5_hd128-128_lr1e-03_aplr1_apinit4_temp1_replaypct5_replaysize500,0.05,500,after_task_0,0,2,0.4936999999999999,0.006210877554742167,0.5336000000000001,0.7678571105003357,6.205554676055908,5
sdfc,shared_head,sequential,dendritic_affine_separate,dendritic_affine_separate_shared_head_sequential_tasks4_epochs5_hd128-128_lr1e-03_aplr1_apinit4_temp1_replaypct5_replaysize500,0.05,500,after_task_0,0,3,0.1393,0.13383319842251398,0.44670000000000004,-0.7924759238958359,5.903697204589844,5
sdfc,shared_head,sequential,dendritic_affine_separate,dendritic_affine_separate_shared_head_sequential_tasks4_epochs5_hd128-128_lr1e-03_aplr1_apinit4_temp1_replaypct5_replaysize500,0.05,500,after_task_1,1,0,0.9568,0.0032132538026119154,0.5096,0.8346400275826454,12.603543853759765,5
sdfc,shared_head,sequential,dendritic_affine_separate,dendritic_affine_separate_shared_head_sequential_tasks4_epochs5_hd128-128_lr1e-03_aplr1_apinit4_temp1_replaypct5_replaysize500,0.05,500,after_task_1,1,1,0.9651,0.0015572411502397718,0.5114,-0.012889376282691956,9.358351516723634,5
sdfc,shared_head,sequential,dendritic_affine_separate,dendritic_affine_separate_shared_head_sequential_tasks4_epochs5_hd128-128_lr1e-03_aplr1_apinit4_temp1_replaypct5_replaysize500,0.05,500,after_task_1,1,2,0.34619999999999995,0.057300305409308236,0.4907,0.2069068193435669,5.190272235870362,5
sdfc,shared_head,sequential,dendritic_affine_separate,dendritic_affine_separate_shared_head_sequential_tasks4_epochs5_hd128-128_lr1e-03_aplr1_apinit4_temp1_replaypct5_replaysize500,0.05,500,after_task_1,1,3,0.28959999999999997,0.10331045445645856,0.44700000000000006,-0.607878391444683,5.370101070404052,5
sdfc,shared_head,sequential,dendritic_affine_separate,dendritic_affine_separate_shared_head_sequential_tasks4_epochs5_hd128-128_lr1e-03_aplr1_apinit4_temp1_replaypct5_replaysize500,0.05,500,after_task_2,2,0,0.9526999999999999,0.0033466401061363177,0.5123,0.8555440902709961,12.921024322509766,5
sdfc,shared_head,sequential,dendritic_affine_separate,dendritic_affine_separate_shared_head_sequential_tasks4_epochs5_hd128-128_lr1e-03_aplr1_apinit4_temp1_replaypct5_replaysize500,0.05,500,after_task_2,2,1,0.9632,0.002706473720544923,0.5069,0.29294843077659605,9.312562179565429,5
sdfc,shared_head,sequential,dendritic_affine_separate,dendritic_affine_separate_shared_head_sequential_tasks4_epochs5_hd128-128_lr1e-03_aplr1_apinit4_temp1_replaypct5_replaysize500,0.05,500,after_task_2,2,2,0.9664999999999999,0.001767766952966382,0.496,0.3605616569519043,9.810675621032715,5
sdfc,shared_head,sequential,dendritic_affine_separate,dendritic_affine_separate_shared_head_sequential_tasks4_epochs5_hd128-128_lr1e-03_aplr1_apinit4_temp1_replaypct5_replaysize500,0.05,500,after_task_2,2,3,0.3731,0.044440128262641196,0.4805,-0.6695441156625748,3.1046074867248534,5
sdfc,shared_head,sequential,dendritic_affine_separate,dendritic_affine_separate_shared_head_sequential_tasks4_epochs5_hd128-128_lr1e-03_aplr1_apinit4_temp1_replaypct5_replaysize500,0.05,500,after_task_3,3,0,0.9541999999999999,0.0019557607215607907,0.5147999999999999,1.3141425408422946,12.539466094970702,5
sdfc,shared_head,sequential,dendritic_affine_separate,dendritic_affine_separate_shared_head_sequential_tasks4_epochs5_hd128-128_lr1e-03_aplr1_apinit4_temp1_replaypct5_replaysize500,0.05,500,after_task_3,3,1,0.9622999999999999,0.0050447993022518026,0.5024,-0.05144397318363192,12.296852302551269,5
sdfc,shared_head,sequential,dendritic_affine_separate,dendritic_affine_separate_shared_head_sequential_tasks4_epochs5_hd128-128_lr1e-03_aplr1_apinit4_temp1_replaypct5_replaysize500,0.05,500,after_task_3,3,2,0.9629,0.002770379035439046,0.4902,0.019810962677001952,10.67177791595459,5
sdfc,shared_head,sequential,dendritic_affine_separate,dendritic_affine_separate_shared_head_sequential_tasks4_epochs5_hd128-128_lr1e-03_aplr1_apinit4_temp1_replaypct5_replaysize500,0.05,500,after_task_3,3,3,0.9568999999999999,0.005424481542046216,0.5065,0.6120886236429215,11.031060409545898,5
sdfc,shared_head,sequential,film_full,film_full_shared_head_sequential_tasks4_epochs5_hd128-128_lr1e-03_aplr1_apinit4_temp1_replaypct0_replaysize0,0.0,0,after_task_0,0,0,0.958,0.004756574397610096,0.4962,0.11159577947109937,10.205933570861816,5
sdfc,shared_head,sequential,film_full,film_full_shared_head_sequential_tasks4_epochs5_hd128-128_lr1e-03_aplr1_apinit4_temp1_replaypct0_replaysize0,0.0,0,after_task_0,0,1,0.5065999999999999,0.007205900360121591,0.4347,-1.123820036649704,6.241226768493652,5
sdfc,shared_head,sequential,film_full,film_full_shared_head_sequential_tasks4_epochs5_hd128-128_lr1e-03_aplr1_apinit4_temp1_replaypct0_replaysize0,0.0,0,after_task_0,0,2,0.49399999999999994,0.006062177826491054,0.5341,0.8119266271591188,6.049385929107666,5
sdfc,shared_head,sequential,film_full,film_full_shared_head_sequential_tasks4_epochs5_hd128-128_lr1e-03_aplr1_apinit4_temp1_replaypct0_replaysize0,0.0,0,after_task_0,0,3,0.1447,0.14322779059945034,0.4465,-0.8116557627916337,5.7995270729064945,5
sdfc,shared_head,sequential,film_full,film_full_shared_head_sequential_tasks4_epochs5_hd128-128_lr1e-03_aplr1_apinit4_temp1_replaypct0_replaysize0,0.0,0,after_task_1,1,0,0.7059,0.04838827337279149,0.43529999999999996,-1.0462916284799575,5.404636478424072,5
sdfc,shared_head,sequential,film_full,film_full_shared_head_sequential_tasks4_epochs5_hd128-128_lr1e-03_aplr1_apinit4_temp1_replaypct0_replaysize0,0.0,0,after_task_1,1,1,0.9654999999999999,0.0024748737341529293,0.5082,-0.5658842980861664,9.443458366394044,5
sdfc,shared_head,sequential,film_full,film_full_shared_head_sequential_tasks4_epochs5_hd128-128_lr1e-03_aplr1_apinit4_temp1_replaypct0_replaysize0,0.0,0,after_task_1,1,2,0.22270000000000004,0.08540535697484086,0.41459999999999997,-0.8446991503238678,5.029938125610352,5
sdfc,shared_head,sequential,film_full,film_full_shared_head_sequential_tasks4_epochs5_hd128-128_lr1e-03_aplr1_apinit4_temp1_replaypct0_replaysize0,0.0,0,after_task_1,1,3,0.43150000000000005,0.037153398229502504,0.45170000000000005,-0.9450848817825317,5.224480438232422,5
sdfc,shared_head,sequential,film_full,film_full_shared_head_sequential_tasks4_epochs5_hd128-128_lr1e-03_aplr1_apinit4_temp1_replaypct0_replaysize0,0.0,0,after_task_2,2,0,0.5921,0.07860772862766104,0.5942999999999999,1.2536556482315067,3.7014558792114256,5
sdfc,shared_head,sequential,film_full,film_full_shared_head_sequential_tasks4_epochs5_hd128-128_lr1e-03_aplr1_apinit4_temp1_replaypct0_replaysize0,0.0,0,after_task_2,2,1,0.5637000000000001,0.24264727486621396,0.6462,1.7608152985572816,2.058667016029358,5
sdfc,shared_head,sequential,film_full,film_full_shared_head_sequential_tasks4_epochs5_hd128-128_lr1e-03_aplr1_apinit4_temp1_replaypct0_replaysize0,0.0,0,after_task_2,2,2,0.9648,0.0014832396974191681,0.4967,0.915556738898158,9.672200012207032,5
sdfc,shared_head,sequential,film_full,film_full_shared_head_sequential_tasks4_epochs5_hd128-128_lr1e-03_aplr1_apinit4_temp1_replaypct0_replaysize0,0.0,0,after_task_2,2,3,0.49079999999999996,0.017322673003898663,0.47379999999999994,0.366609925031662,4.1502281665802006,5
sdfc,shared_head,sequential,film_full,film_full_shared_head_sequential_tasks4_epochs5_hd128-128_lr1e-03_aplr1_apinit4_temp1_replaypct0_replaysize0,0.0,0,after_task_3,3,0,0.2798,0.19250538953494264,0.44580000000000003,-0.4484889864921572,3.829763984680176,5
sdfc,shared_head,sequential,film_full,film_full_shared_head_sequential_tasks4_epochs5_hd128-128_lr1e-03_aplr1_apinit4_temp1_replaypct0_replaysize0,0.0,0,after_task_3,3,1,0.5503,0.09914421314428798,0.6204,1.4746228218078614,5.382021570205689,5
sdfc,shared_head,sequential,film_full,film_full_shared_head_sequential_tasks4_epochs5_hd128-128_lr1e-03_aplr1_apinit4_temp1_replaypct0_replaysize0,0.0,0,after_task_3,3,2,0.7635,0.041438207007543165,0.3776,-2.307066869735718,8.26130781173706,5
sdfc,shared_head,sequential,film_full,film_full_shared_head_sequential_tasks4_epochs5_hd128-128_lr1e-03_aplr1_apinit4_temp1_replaypct0_replaysize0,0.0,0,after_task_3,3,3,0.9629,0.0031503968004046932,0.4909,-0.297689950466156,10.945146179199218,5
sdfc,shared_head,sequential,film_full,film_full_shared_head_sequential_tasks4_epochs5_hd128-128_lr1e-03_aplr1_apinit4_temp1_replaypct10_replaysize1000,0.1,1000,after_task_0,0,0,0.958,0.004756574397610096,0.4962,0.11159577947109937,10.205933570861816,5
sdfc,shared_head,sequential,film_full,film_full_shared_head_sequential_tasks4_epochs5_hd128-128_lr1e-03_aplr1_apinit4_temp1_replaypct10_replaysize1000,0.1,1000,after_task_0,0,1,0.5065999999999999,0.007205900360121591,0.4347,-1.123820036649704,6.241226768493652,5
sdfc,shared_head,sequential,film_full,film_full_shared_head_sequential_tasks4_epochs5_hd128-128_lr1e-03_aplr1_apinit4_temp1_replaypct10_replaysize1000,0.1,1000,after_task_0,0,2,0.49399999999999994,0.006062177826491054,0.5341,0.8119266271591188,6.049385929107666,5
sdfc,shared_head,sequential,film_full,film_full_shared_head_sequential_tasks4_epochs5_hd128-128_lr1e-03_aplr1_apinit4_temp1_replaypct10_replaysize1000,0.1,1000,after_task_0,0,3,0.1447,0.14322779059945034,0.4465,-0.8116557627916337,5.7995270729064945,5
sdfc,shared_head,sequential,film_full,film_full_shared_head_sequential_tasks4_epochs5_hd128-128_lr1e-03_aplr1_apinit4_temp1_replaypct10_replaysize1000,0.1,1000,after_task_1,1,0,0.9593,0.0031741140496207663,0.5088999999999999,0.830644528567791,11.860710906982423,5
sdfc,shared_head,sequential,film_full,film_full_shared_head_sequential_tasks4_epochs5_hd128-128_lr1e-03_aplr1_apinit4_temp1_replaypct10_replaysize1000,0.1,1000,after_task_1,1,1,0.9654,0.0004183300132670691,0.5093,-0.09368167221546175,9.164277458190918,5
sdfc,shared_head,sequential,film_full,film_full_shared_head_sequential_tasks4_epochs5_hd128-128_lr1e-03_aplr1_apinit4_temp1_replaypct10_replaysize1000,0.1,1000,after_task_1,1,2,0.3567,0.05950378139244597,0.5107999999999999,0.8778673708438873,4.6903119564056395,5
sdfc,shared_head,sequential,film_full,film_full_shared_head_sequential_tasks4_epochs5_hd128-128_lr1e-03_aplr1_apinit4_temp1_replaypct10_replaysize1000,0.1,1000,after_task_1,1,3,0.2745,0.12009163168181203,0.4603,-0.28572799265384674,5.048356342315674,5
sdfc,shared_head,sequential,film_full,film_full_shared_head_sequential_tasks4_epochs5_hd128-128_lr1e-03_aplr1_apinit4_temp1_replaypct10_replaysize1000,0.1,1000,after_task_2,2,0,0.9549,0.004916807907575816,0.5123,0.8669254742562771,12.057633209228516,5
sdfc,shared_head,sequential,film_full,film_full_shared_head_sequential_tasks4_epochs5_hd128-128_lr1e-03_aplr1_apinit4_temp1_replaypct10_replaysize1000,0.1,1000,after_task_2,2,1,0.9639,0.0021621748310439643,0.5082,0.34723704457283017,8.358859252929687,5
sdfc,shared_head,sequential,film_full,film_full_shared_head_sequential_tasks4_epochs5_hd128-128_lr1e-03_aplr1_apinit4_temp1_replaypct10_replaysize1000,0.1,1000,after_task_2,2,2,0.9656,0.0007416198487095594,0.49169999999999997,0.5910115823149681,9.489431953430175,5
sdfc,shared_head,sequential,film_full,film_full_shared_head_sequential_tasks4_epochs5_hd128-128_lr1e-03_aplr1_apinit4_temp1_replaypct10_replaysize1000,0.1,1000,after_task_2,2,3,0.3593,0.08469843564080744,0.4125,-0.9097772866487505,3.3153959274291993,5
sdfc,shared_head,sequential,film_full,film_full_shared_head_sequential_tasks4_epochs5_hd128-128_lr1e-03_aplr1_apinit4_temp1_replaypct10_replaysize1000,0.1,1000,after_task_3,3,0,0.9567,0.003784838173555121,0.5101,0.9291126132011414,11.76444320678711,5
sdfc,shared_head,sequential,film_full,film_full_shared_head_sequential_tasks4_epochs5_hd128-128_lr1e-03_aplr1_apinit4_temp1_replaypct10_replaysize1000,0.1,1000,after_task_3,3,1,0.9629999999999999,0.0023184046238739348,0.5103,0.3717610120773315,10.673519515991211,5
sdfc,shared_head,sequential,film_full,film_full_shared_head_sequential_tasks4_epochs5_hd128-128_lr1e-03_aplr1_apinit4_temp1_replaypct10_replaysize1000,0.1,1000,after_task_3,3,2,0.9635,0.0029368350311176697,0.4934,0.41798771023750303,9.866915512084962,5
sdfc,shared_head,sequential,film_full,film_full_shared_head_sequential_tasks4_epochs5_hd128-128_lr1e-03_aplr1_apinit4_temp1_replaypct10_replaysize1000,0.1,1000,after_task_3,3,3,0.9574,0.00486569625028118,0.5082,0.5051356986165046,10.911574363708496,5
sdfc,shared_head,sequential,film_full,film_full_shared_head_sequential_tasks4_epochs5_hd128-128_lr1e-03_aplr1_apinit4_temp1_replaypct2_replaysize200,0.02,200,after_task_0,0,0,0.958,0.004756574397610096,0.4962,0.11159577947109937,10.205933570861816,5
sdfc,shared_head,sequential,film_full,film_full_shared_head_sequential_tasks4_epochs5_hd128-128_lr1e-03_aplr1_apinit4_temp1_replaypct2_replaysize200,0.02,200,after_task_0,0,1,0.5065999999999999,0.007205900360121591,0.4347,-1.123820036649704,6.241226768493652,5
sdfc,shared_head,sequential,film_full,film_full_shared_head_sequential_tasks4_epochs5_hd128-128_lr1e-03_aplr1_apinit4_temp1_replaypct2_replaysize200,0.02,200,after_task_0,0,2,0.49399999999999994,0.006062177826491054,0.5341,0.8119266271591188,6.049385929107666,5
sdfc,shared_head,sequential,film_full,film_full_shared_head_sequential_tasks4_epochs5_hd128-128_lr1e-03_aplr1_apinit4_temp1_replaypct2_replaysize200,0.02,200,after_task_0,0,3,0.1447,0.14322779059945034,0.4465,-0.8116557627916337,5.7995270729064945,5
sdfc,shared_head,sequential,film_full,film_full_shared_head_sequential_tasks4_epochs5_hd128-128_lr1e-03_aplr1_apinit4_temp1_replaypct2_replaysize200,0.02,200,after_task_1,1,0,0.9420999999999999,0.010573551910309039,0.5128999999999999,0.9853909373283388,12.52714500427246,5
sdfc,shared_head,sequential,film_full,film_full_shared_head_sequential_tasks4_epochs5_hd128-128_lr1e-03_aplr1_apinit4_temp1_replaypct2_replaysize200,0.02,200,after_task_1,1,1,0.9657,0.0012549900398011135,0.5109999999999999,0.028389674425125112,9.271447563171387,5
sdfc,shared_head,sequential,film_full,film_full_shared_head_sequential_tasks4_epochs5_hd128-128_lr1e-03_aplr1_apinit4_temp1_replaypct2_replaysize200,0.02,200,after_task_1,1,2,0.3679,0.06976155818213928,0.5094,0.9418484449386593,4.933320808410644,5
sdfc,shared_head,sequential,film_full,film_full_shared_head_sequential_tasks4_epochs5_hd128-128_lr1e-03_aplr1_apinit4_temp1_replaypct2_replaysize200,0.02,200,after_task_1,1,3,0.2832,0.12250132652342993,0.45899999999999996,-0.27317183911800386,5.213829803466797,5
sdfc,shared_head,sequential,film_full,film_full_shared_head_sequential_tasks4_epochs5_hd128-128_lr1e-03_aplr1_apinit4_temp1_replaypct2_replaysize200,0.02,200,after_task_2,2,0,0.9378,0.007957700672933056,0.5194,1.0171070456504823,12.444536781311035,5
sdfc,shared_head,sequential,film_full,film_full_shared_head_sequential_tasks4_epochs5_hd128-128_lr1e-03_aplr1_apinit4_temp1_replaypct2_replaysize200,0.02,200,after_task_2,2,1,0.9586,0.0074279876144215514,0.5048999999999999,0.42075682878494264,10.086596870422364,5
sdfc,shared_head,sequential,film_full,film_full_shared_head_sequential_tasks4_epochs5_hd128-128_lr1e-03_aplr1_apinit4_temp1_replaypct2_replaysize200,0.02,200,after_task_2,2,2,0.9659000000000001,0.002534758371127301,0.4952,0.460439658164978,9.560842514038086,5
sdfc,shared_head,sequential,film_full,film_full_shared_head_sequential_tasks4_epochs5_hd128-128_lr1e-03_aplr1_apinit4_temp1_replaypct2_replaysize200,0.02,200,after_task_2,2,3,0.346,0.07592512759291223,0.46980000000000005,-0.8746649742126464,3.347910499572754,5
sdfc,shared_head,sequential,film_full,film_full_shared_head_sequential_tasks4_epochs5_hd128-128_lr1e-03_aplr1_apinit4_temp1_replaypct2_replaysize200,0.02,200,after_task_3,3,0,0.9426,0.007789415895944944,0.5187999999999999,1.1763931155204772,11.943772315979004,5
sdfc,shared_head,sequential,film_full,film_full_shared_head_sequential_tasks4_epochs5_hd128-128_lr1e-03_aplr1_apinit4_temp1_replaypct2_replaysize200,0.02,200,after_task_3,3,1,0.9568999999999999,0.011030639147393037,0.5067999999999999,0.42542324066162107,13.420569801330567,5
sdfc,shared_head,sequential,film_full,film_full_shared_head_sequential_tasks4_epochs5_hd128-128_lr1e-03_aplr1_apinit4_temp1_replaypct2_replaysize200,0.02,200,after_task_3,3,2,0.9586,0.004335896677735764,0.49729999999999996,0.5407950878143312,11.267129707336426,5
sdfc,shared_head,sequential,film_full,film_full_shared_head_sequential_tasks4_epochs5_hd128-128_lr1e-03_aplr1_apinit4_temp1_replaypct2_replaysize200,0.02,200,after_task_3,3,3,0.9593,0.004324349662087987,0.5021,0.4732076346874237,11.254339027404786,5
sdfc,shared_head,sequential,film_full,film_full_shared_head_sequential_tasks4_epochs5_hd128-128_lr1e-03_aplr1_apinit4_temp1_replaypct5_replaysize500,0.05,500,after_task_0,0,0,0.958,0.004756574397610096,0.4962,0.11159577947109937,10.205933570861816,5
sdfc,shared_head,sequential,film_full,film_full_shared_head_sequential_tasks4_epochs5_hd128-128_lr1e-03_aplr1_apinit4_temp1_replaypct5_replaysize500,0.05,500,after_task_0,0,1,0.5065999999999999,0.007205900360121591,0.4347,-1.123820036649704,6.241226768493652,5
sdfc,shared_head,sequential,film_full,film_full_shared_head_sequential_tasks4_epochs5_hd128-128_lr1e-03_aplr1_apinit4_temp1_replaypct5_replaysize500,0.05,500,after_task_0,0,2,0.49399999999999994,0.006062177826491054,0.5341,0.8119266271591188,6.049385929107666,5
sdfc,shared_head,sequential,film_full,film_full_shared_head_sequential_tasks4_epochs5_hd128-128_lr1e-03_aplr1_apinit4_temp1_replaypct5_replaysize500,0.05,500,after_task_0,0,3,0.1447,0.14322779059945034,0.4465,-0.8116557627916337,5.7995270729064945,5
sdfc,shared_head,sequential,film_full,film_full_shared_head_sequential_tasks4_epochs5_hd128-128_lr1e-03_aplr1_apinit4_temp1_replaypct5_replaysize500,0.05,500,after_task_1,1,0,0.9571999999999999,0.0031344856037314552,0.5096,0.7639654874801636,12.416172409057618,5
sdfc,shared_head,sequential,film_full,film_full_shared_head_sequential_tasks4_epochs5_hd128-128_lr1e-03_aplr1_apinit4_temp1_replaypct5_replaysize500,0.05,500,after_task_1,1,1,0.9663999999999999,0.0017102631376486848,0.5113,0.011703030765056622,9.243632507324218,5
sdfc,shared_head,sequential,film_full,film_full_shared_head_sequential_tasks4_epochs5_hd128-128_lr1e-03_aplr1_apinit4_temp1_replaypct5_replaysize500,0.05,500,after_task_1,1,2,0.3509,0.0624193479619901,0.49660000000000004,0.5520227670669555,5.011525058746338,5
sdfc,shared_head,sequential,film_full,film_full_shared_head_sequential_tasks4_epochs5_hd128-128_lr1e-03_aplr1_apinit4_temp1_replaypct5_replaysize500,0.05,500,after_task_1,1,3,0.2844,0.10494843972160804,0.4488,-0.5176221698522567,5.221110153198242,5
sdfc,shared_head,sequential,film_full,film_full_shared_head_sequential_tasks4_epochs5_hd128-128_lr1e-03_aplr1_apinit4_temp1_replaypct5_replaysize500,0.05,500,after_task_2,2,0,0.9536,0.0025099800796022156,0.5117999999999999,0.7749421983957291,12.598850059509278,5
sdfc,shared_head,sequential,film_full,film_full_shared_head_sequential_tasks4_epochs5_hd128-128_lr1e-03_aplr1_apinit4_temp1_replaypct5_replaysize500,0.05,500,after_task_2,2,1,0.9629999999999999,0.003446012188022571,0.5075,0.4776404693722725,9.278638458251953,5
sdfc,shared_head,sequential,film_full,film_full_shared_head_sequential_tasks4_epochs5_hd128-128_lr1e-03_aplr1_apinit4_temp1_replaypct5_replaysize500,0.05,500,after_task_2,2,2,0.9667999999999999,0.001923538406167143,0.49429999999999996,0.8100763149559498,9.56402416229248,5
sdfc,shared_head,sequential,film_full,film_full_shared_head_sequential_tasks4_epochs5_hd128-128_lr1e-03_aplr1_apinit4_temp1_replaypct5_replaysize500,0.05,500,after_task_2,2,3,0.3471,0.07906279150143893,0.4077,-1.021664309501648,3.064509963989258,5
sdfc,shared_head,sequential,film_full,film_full_shared_head_sequential_tasks4_epochs5_hd128-128_lr1e-03_aplr1_apinit4_temp1_replaypct5_replaysize500,0.05,500,after_task_3,3,0,0.9549,0.0029453352950046417,0.5141,1.1898319661617278,12.233243560791015,5
sdfc,shared_head,sequential,film_full,film_full_shared_head_sequential_tasks4_epochs5_hd128-128_lr1e-03_aplr1_apinit4_temp1_replaypct5_replaysize500,0.05,500,after_task_3,3,1,0.9619,0.0052962250707460955,0.5034,0.14639199674129483,11.996903419494629,5
sdfc,shared_head,sequential,film_full,film_full_shared_head_sequential_tasks4_epochs5_hd128-128_lr1e-03_aplr1_apinit4_temp1_replaypct5_replaysize500,0.05,500,after_task_3,3,2,0.9621999999999999,0.0026598872156541023,0.4891,0.6364953998476267,10.510873222351075,5
sdfc,shared_head,sequential,film_full,film_full_shared_head_sequential_tasks4_epochs5_hd128-128_lr1e-03_aplr1_apinit4_temp1_replaypct5_replaysize500,0.05,500,after_task_3,3,3,0.9574999999999999,0.0040620192023179845,0.5069,0.67438182272017,10.981911277770996,5
