benchmark,scenario,training_regime,model,variant_name,replay_fraction_per_task,replay_size_per_task,layer_idx,task_i,task_j,is_mirror_pair,mean_cosine_similarity,std_cosine_similarity,n
sdfc,shared_head,sequential,dendritic_affine_separate,dendritic_affine_separate_shared_head_sequential_tasks4_epochs5_hd128-128_lr1e-03_aplr1_apinit4_temp1_replaypct0_replaysize0,0.0,0,0,0,0,0,0.9999999999999961,2.220446049250313e-16,5
sdfc,shared_head,sequential,dendritic_affine_separate,dendritic_affine_separate_shared_head_sequential_tasks4_epochs5_hd128-128_lr1e-03_aplr1_apinit4_temp1_replaypct0_replaysize0,0.0,0,0,0,1,0,0.8206006119198751,0.029113913855366314,5
sdfc,shared_head,sequential,dendritic_affine_separate,dendritic_affine_separate_shared_head_sequential_tasks4_epochs5_hd128-128_lr1e-03_aplr1_apinit4_temp1_replaypct0_replaysize0,0.0,0,0,0,2,0,0.8344142791988156,0.023820604760390933,5
sdfc,shared_head,sequential,dendritic_affine_separate,dendritic_affine_separate_shared_head_sequential_tasks4_epochs5_hd128-128_lr1e-03_aplr1_apinit4_temp1_replaypct0_replaysize0,0.0,0,0,0,3,1,0.8524514197457448,0.024919306239888396,5
sdfc,shared_head,sequential,dendritic_affine_separate,dendritic_affine_separate_shared_head_sequential_tasks4_epochs5_hd128-128_lr1e-03_aplr1_apinit4_temp1_replaypct0_replaysize0,0.0,0,0,1,0,0,0.8206006119198751,0.029113913855366314,5
sdfc,shared_head,sequential,dendritic_affine_separate,dendritic_affine_separate_shared_head_sequential_tasks4_epochs5_hd128-128_lr1e-03_aplr1_apinit4_temp1_replaypct0_replaysize0,0.0,0,0,1,1,0,0.9999999999999959,1.2412670766236366e-16,5
sdfc,shared_head,sequential,dendritic_affine_separate,dendritic_affine_separate_shared_head_sequential_tasks4_epochs5_hd128-128_lr1e-03_aplr1_apinit4_temp1_replaypct0_replaysize0,0.0,0,0,1,2,1,0.8076612758197967,0.025223650811245103,5
sdfc,shared_head,sequential,dendritic_affine_separate,dendritic_affine_separate_shared_head_sequential_tasks4_epochs5_hd128-128_lr1e-03_aplr1_apinit4_temp1_replaypct0_replaysize0,0.0,0,0,1,3,0,0.8182769944579293,0.025097127155330422,5
sdfc,shared_head,sequential,dendritic_affine_separate,dendritic_affine_separate_shared_head_sequential_tasks4_epochs5_hd128-128_lr1e-03_aplr1_apinit4_temp1_replaypct0_replaysize0,0.0,0,0,2,0,0,0.8344142791988156,0.023820604760390933,5
sdfc,shared_head,sequential,dendritic_affine_separate,dendritic_affine_separate_shared_head_sequential_tasks4_epochs5_hd128-128_lr1e-03_aplr1_apinit4_temp1_replaypct0_replaysize0,0.0,0,0,2,1,1,0.8076612758197967,0.025223650811245103,5
sdfc,shared_head,sequential,dendritic_affine_separate,dendritic_affine_separate_shared_head_sequential_tasks4_epochs5_hd128-128_lr1e-03_aplr1_apinit4_temp1_replaypct0_replaysize0,0.0,0,0,2,2,0,0.9999999999999959,2.9893669801409083e-16,5
sdfc,shared_head,sequential,dendritic_affine_separate,dendritic_affine_separate_shared_head_sequential_tasks4_epochs5_hd128-128_lr1e-03_aplr1_apinit4_temp1_replaypct0_replaysize0,0.0,0,0,2,3,0,0.8293846092962316,0.018327568071766012,5
sdfc,shared_head,sequential,dendritic_affine_separate,dendritic_affine_separate_shared_head_sequential_tasks4_epochs5_hd128-128_lr1e-03_aplr1_apinit4_temp1_replaypct0_replaysize0,0.0,0,0,3,0,1,0.8524514197457448,0.024919306239888396,5
sdfc,shared_head,sequential,dendritic_affine_separate,dendritic_affine_separate_shared_head_sequential_tasks4_epochs5_hd128-128_lr1e-03_aplr1_apinit4_temp1_replaypct0_replaysize0,0.0,0,0,3,1,0,0.8182769944579293,0.025097127155330422,5
sdfc,shared_head,sequential,dendritic_affine_separate,dendritic_affine_separate_shared_head_sequential_tasks4_epochs5_hd128-128_lr1e-03_aplr1_apinit4_temp1_replaypct0_replaysize0,0.0,0,0,3,2,0,0.8293846092962316,0.018327568071766012,5
sdfc,shared_head,sequential,dendritic_affine_separate,dendritic_affine_separate_shared_head_sequential_tasks4_epochs5_hd128-128_lr1e-03_aplr1_apinit4_temp1_replaypct0_replaysize0,0.0,0,0,3,3,0,0.9999999999999959,2.2887833992611187e-16,5
sdfc,shared_head,sequential,dendritic_affine_separate,dendritic_affine_separate_shared_head_sequential_tasks4_epochs5_hd128-128_lr1e-03_aplr1_apinit4_temp1_replaypct0_replaysize0,0.0,0,1,0,0,0,0.9999999999999956,2.9893669801409083e-16,5
sdfc,shared_head,sequential,dendritic_affine_separate,dendritic_affine_separate_shared_head_sequential_tasks4_epochs5_hd128-128_lr1e-03_aplr1_apinit4_temp1_replaypct0_replaysize0,0.0,0,1,0,1,0,0.8209154711525708,0.028907809259825556,5
sdfc,shared_head,sequential,dendritic_affine_separate,dendritic_affine_separate_shared_head_sequential_tasks4_epochs5_hd128-128_lr1e-03_aplr1_apinit4_temp1_replaypct0_replaysize0,0.0,0,1,0,2,0,0.8297627752645489,0.023166165710986692,5
sdfc,shared_head,sequential,dendritic_affine_separate,dendritic_affine_separate_shared_head_sequential_tasks4_epochs5_hd128-128_lr1e-03_aplr1_apinit4_temp1_replaypct0_replaysize0,0.0,0,1,0,3,1,0.812239313469971,0.031243355347938782,5
sdfc,shared_head,sequential,dendritic_affine_separate,dendritic_affine_separate_shared_head_sequential_tasks4_epochs5_hd128-128_lr1e-03_aplr1_apinit4_temp1_replaypct0_replaysize0,0.0,0,1,1,0,0,0.8209154711525708,0.028907809259825556,5
sdfc,shared_head,sequential,dendritic_affine_separate,dendritic_affine_separate_shared_head_sequential_tasks4_epochs5_hd128-128_lr1e-03_aplr1_apinit4_temp1_replaypct0_replaysize0,0.0,0,1,1,1,0,0.9999999999999953,2.482534153247273e-16,5
sdfc,shared_head,sequential,dendritic_affine_separate,dendritic_affine_separate_shared_head_sequential_tasks4_epochs5_hd128-128_lr1e-03_aplr1_apinit4_temp1_replaypct0_replaysize0,0.0,0,1,1,2,1,0.8112882637831136,0.03388817479811876,5
sdfc,shared_head,sequential,dendritic_affine_separate,dendritic_affine_separate_shared_head_sequential_tasks4_epochs5_hd128-128_lr1e-03_aplr1_apinit4_temp1_replaypct0_replaysize0,0.0,0,1,1,3,0,0.8135850708295493,0.033164548571160475,5
sdfc,shared_head,sequential,dendritic_affine_separate,dendritic_affine_separate_shared_head_sequential_tasks4_epochs5_hd128-128_lr1e-03_aplr1_apinit4_temp1_replaypct0_replaysize0,0.0,0,1,2,0,0,0.8297627752645489,0.023166165710986692,5
sdfc,shared_head,sequential,dendritic_affine_separate,dendritic_affine_separate_shared_head_sequential_tasks4_epochs5_hd128-128_lr1e-03_aplr1_apinit4_temp1_replaypct0_replaysize0,0.0,0,1,2,1,1,0.8112882637831136,0.03388817479811876,5
sdfc,shared_head,sequential,dendritic_affine_separate,dendritic_affine_separate_shared_head_sequential_tasks4_epochs5_hd128-128_lr1e-03_aplr1_apinit4_temp1_replaypct0_replaysize0,0.0,0,1,2,2,0,0.9999999999999953,4.742874840267547e-16,5
sdfc,shared_head,sequential,dendritic_affine_separate,dendritic_affine_separate_shared_head_sequential_tasks4_epochs5_hd128-128_lr1e-03_aplr1_apinit4_temp1_replaypct0_replaysize0,0.0,0,1,2,3,0,0.8309069155245421,0.029780551258846974,5
sdfc,shared_head,sequential,dendritic_affine_separate,dendritic_affine_separate_shared_head_sequential_tasks4_epochs5_hd128-128_lr1e-03_aplr1_apinit4_temp1_replaypct0_replaysize0,0.0,0,1,3,0,1,0.812239313469971,0.031243355347938782,5
sdfc,shared_head,sequential,dendritic_affine_separate,dendritic_affine_separate_shared_head_sequential_tasks4_epochs5_hd128-128_lr1e-03_aplr1_apinit4_temp1_replaypct0_replaysize0,0.0,0,1,3,1,0,0.8135850708295493,0.033164548571160475,5
sdfc,shared_head,sequential,dendritic_affine_separate,dendritic_affine_separate_shared_head_sequential_tasks4_epochs5_hd128-128_lr1e-03_aplr1_apinit4_temp1_replaypct0_replaysize0,0.0,0,1,3,2,0,0.8309069155245421,0.029780551258846974,5
sdfc,shared_head,sequential,dendritic_affine_separate,dendritic_affine_separate_shared_head_sequential_tasks4_epochs5_hd128-128_lr1e-03_aplr1_apinit4_temp1_replaypct0_replaysize0,0.0,0,1,3,3,0,0.9999999999999953,6.77599954797753e-16,5
sdfc,shared_head,sequential,dendritic_affine_separate,dendritic_affine_separate_shared_head_sequential_tasks4_epochs5_hd128-128_lr1e-03_aplr1_apinit4_temp1_replaypct10_replaysize1000,0.1,1000,0,0,0,0,0.9999999999999961,1.7554167342883506e-16,5
sdfc,shared_head,sequential,dendritic_affine_separate,dendritic_affine_separate_shared_head_sequential_tasks4_epochs5_hd128-128_lr1e-03_aplr1_apinit4_temp1_replaypct10_replaysize1000,0.1,1000,0,0,1,0,0.7912893558806685,0.03021319354591557,5
sdfc,shared_head,sequential,dendritic_affine_separate,dendritic_affine_separate_shared_head_sequential_tasks4_epochs5_hd128-128_lr1e-03_aplr1_apinit4_temp1_replaypct10_replaysize1000,0.1,1000,0,0,2,0,0.8088193761824789,0.02214545645434071,5
sdfc,shared_head,sequential,dendritic_affine_separate,dendritic_affine_separate_shared_head_sequential_tasks4_epochs5_hd128-128_lr1e-03_aplr1_apinit4_temp1_replaypct10_replaysize1000,0.1,1000,0,0,3,1,0.834902847367497,0.029378236871737053,5
sdfc,shared_head,sequential,dendritic_affine_separate,dendritic_affine_separate_shared_head_sequential_tasks4_epochs5_hd128-128_lr1e-03_aplr1_apinit4_temp1_replaypct10_replaysize1000,0.1,1000,0,1,0,0,0.7912893558806685,0.03021319354591557,5
sdfc,shared_head,sequential,dendritic_affine_separate,dendritic_affine_separate_shared_head_sequential_tasks4_epochs5_hd128-128_lr1e-03_aplr1_apinit4_temp1_replaypct10_replaysize1000,0.1,1000,0,1,1,0,0.9999999999999961,0.0,5
sdfc,shared_head,sequential,dendritic_affine_separate,dendritic_affine_separate_shared_head_sequential_tasks4_epochs5_hd128-128_lr1e-03_aplr1_apinit4_temp1_replaypct10_replaysize1000,0.1,1000,0,1,2,1,0.7958802458731781,0.027839734002126745,5
sdfc,shared_head,sequential,dendritic_affine_separate,dendritic_affine_separate_shared_head_sequential_tasks4_epochs5_hd128-128_lr1e-03_aplr1_apinit4_temp1_replaypct10_replaysize1000,0.1,1000,0,1,3,0,0.7997414601251623,0.030852790399069605,5
sdfc,shared_head,sequential,dendritic_affine_separate,dendritic_affine_separate_shared_head_sequential_tasks4_epochs5_hd128-128_lr1e-03_aplr1_apinit4_temp1_replaypct10_replaysize1000,0.1,1000,0,2,0,0,0.8088193761824789,0.02214545645434071,5
sdfc,shared_head,sequential,dendritic_affine_separate,dendritic_affine_separate_shared_head_sequential_tasks4_epochs5_hd128-128_lr1e-03_aplr1_apinit4_temp1_replaypct10_replaysize1000,0.1,1000,0,2,1,1,0.7958802458731781,0.027839734002126745,5
sdfc,shared_head,sequential,dendritic_affine_separate,dendritic_affine_separate_shared_head_sequential_tasks4_epochs5_hd128-128_lr1e-03_aplr1_apinit4_temp1_replaypct10_replaysize1000,0.1,1000,0,2,2,0,0.9999999999999959,3.040470972244059e-16,5
sdfc,shared_head,sequential,dendritic_affine_separate,dendritic_affine_separate_shared_head_sequential_tasks4_epochs5_hd128-128_lr1e-03_aplr1_apinit4_temp1_replaypct10_replaysize1000,0.1,1000,0,2,3,0,0.8137632525648127,0.01919402172265201,5
sdfc,shared_head,sequential,dendritic_affine_separate,dendritic_affine_separate_shared_head_sequential_tasks4_epochs5_hd128-128_lr1e-03_aplr1_apinit4_temp1_replaypct10_replaysize1000,0.1,1000,0,3,0,1,0.834902847367497,0.029378236871737053,5
sdfc,shared_head,sequential,dendritic_affine_separate,dendritic_affine_separate_shared_head_sequential_tasks4_epochs5_hd128-128_lr1e-03_aplr1_apinit4_temp1_replaypct10_replaysize1000,0.1,1000,0,3,1,0,0.7997414601251623,0.030852790399069605,5
sdfc,shared_head,sequential,dendritic_affine_separate,dendritic_affine_separate_shared_head_sequential_tasks4_epochs5_hd128-128_lr1e-03_aplr1_apinit4_temp1_replaypct10_replaysize1000,0.1,1000,0,3,2,0,0.8137632525648127,0.01919402172265201,5
sdfc,shared_head,sequential,dendritic_affine_separate,dendritic_affine_separate_shared_head_sequential_tasks4_epochs5_hd128-128_lr1e-03_aplr1_apinit4_temp1_replaypct10_replaysize1000,0.1,1000,0,3,3,0,0.9999999999999959,3.597533769998862e-16,5
sdfc,shared_head,sequential,dendritic_affine_separate,dendritic_affine_separate_shared_head_sequential_tasks4_epochs5_hd128-128_lr1e-03_aplr1_apinit4_temp1_replaypct10_replaysize1000,0.1,1000,1,0,0,0,0.9999999999999959,4.1540741810552243e-16,5
sdfc,shared_head,sequential,dendritic_affine_separate,dendritic_affine_separate_shared_head_sequential_tasks4_epochs5_hd128-128_lr1e-03_aplr1_apinit4_temp1_replaypct10_replaysize1000,0.1,1000,1,0,1,0,0.8093639143366559,0.02173057783522366,5
sdfc,shared_head,sequential,dendritic_affine_separate,dendritic_affine_separate_shared_head_sequential_tasks4_epochs5_hd128-128_lr1e-03_aplr1_apinit4_temp1_replaypct10_replaysize1000,0.1,1000,1,0,2,0,0.8222726271221162,0.022959479918047025,5
sdfc,shared_head,sequential,dendritic_affine_separate,dendritic_affine_separate_shared_head_sequential_tasks4_epochs5_hd128-128_lr1e-03_aplr1_apinit4_temp1_replaypct10_replaysize1000,0.1,1000,1,0,3,1,0.8006150548035134,0.03175643288817883,5
sdfc,shared_head,sequential,dendritic_affine_separate,dendritic_affine_separate_shared_head_sequential_tasks4_epochs5_hd128-128_lr1e-03_aplr1_apinit4_temp1_replaypct10_replaysize1000,0.1,1000,1,1,0,0,0.8093639143366559,0.02173057783522366,5
sdfc,shared_head,sequential,dendritic_affine_separate,dendritic_affine_separate_shared_head_sequential_tasks4_epochs5_hd128-128_lr1e-03_aplr1_apinit4_temp1_replaypct10_replaysize1000,0.1,1000,1,1,1,0,0.9999999999999953,4.1168171577819285e-16,5
sdfc,shared_head,sequential,dendritic_affine_separate,dendritic_affine_separate_shared_head_sequential_tasks4_epochs5_hd128-128_lr1e-03_aplr1_apinit4_temp1_replaypct10_replaysize1000,0.1,1000,1,1,2,1,0.8050082628395601,0.0287307083805471,5
sdfc,shared_head,sequential,dendritic_affine_separate,dendritic_affine_separate_shared_head_sequential_tasks4_epochs5_hd128-128_lr1e-03_aplr1_apinit4_temp1_replaypct10_replaysize1000,0.1,1000,1,1,3,0,0.8053043509642952,0.030903629907766433,5
sdfc,shared_head,sequential,dendritic_affine_separate,dendritic_affine_separate_shared_head_sequential_tasks4_epochs5_hd128-128_lr1e-03_aplr1_apinit4_temp1_replaypct10_replaysize1000,0.1,1000,1,2,0,0,0.8222726271221162,0.022959479918047025,5
sdfc,shared_head,sequential,dendritic_affine_separate,dendritic_affine_separate_shared_head_sequential_tasks4_epochs5_hd128-128_lr1e-03_aplr1_apinit4_temp1_replaypct10_replaysize1000,0.1,1000,1,2,1,1,0.8050082628395601,0.0287307083805471,5
sdfc,shared_head,sequential,dendritic_affine_separate,dendritic_affine_separate_shared_head_sequential_tasks4_epochs5_hd128-128_lr1e-03_aplr1_apinit4_temp1_replaypct10_replaysize1000,0.1,1000,1,2,2,0,0.9999999999999956,3.090730095650652e-16,5
sdfc,shared_head,sequential,dendritic_affine_separate,dendritic_affine_separate_shared_head_sequential_tasks4_epochs5_hd128-128_lr1e-03_aplr1_apinit4_temp1_replaypct10_replaysize1000,0.1,1000,1,2,3,0,0.8252438307039969,0.03444610122693955,5
sdfc,shared_head,sequential,dendritic_affine_separate,dendritic_affine_separate_shared_head_sequential_tasks4_epochs5_hd128-128_lr1e-03_aplr1_apinit4_temp1_replaypct10_replaysize1000,0.1,1000,1,3,0,1,0.8006150548035134,0.03175643288817883,5
sdfc,shared_head,sequential,dendritic_affine_separate,dendritic_affine_separate_shared_head_sequential_tasks4_epochs5_hd128-128_lr1e-03_aplr1_apinit4_temp1_replaypct10_replaysize1000,0.1,1000,1,3,1,0,0.8053043509642952,0.030903629907766433,5
sdfc,shared_head,sequential,dendritic_affine_separate,dendritic_affine_separate_shared_head_sequential_tasks4_epochs5_hd128-128_lr1e-03_aplr1_apinit4_temp1_replaypct10_replaysize1000,0.1,1000,1,3,2,0,0.8252438307039969,0.03444610122693955,5
sdfc,shared_head,sequential,dendritic_affine_separate,dendritic_affine_separate_shared_head_sequential_tasks4_epochs5_hd128-128_lr1e-03_aplr1_apinit4_temp1_replaypct10_replaysize1000,0.1,1000,1,3,3,0,0.9999999999999953,5.978733960281817e-16,5
sdfc,shared_head,sequential,dendritic_affine_separate,dendritic_affine_separate_shared_head_sequential_tasks4_epochs5_hd128-128_lr1e-03_aplr1_apinit4_temp1_replaypct2_replaysize200,0.02,200,0,0,0,0,0.9999999999999962,2.7194799110210365e-16,5
sdfc,shared_head,sequential,dendritic_affine_separate,dendritic_affine_separate_shared_head_sequential_tasks4_epochs5_hd128-128_lr1e-03_aplr1_apinit4_temp1_replaypct2_replaysize200,0.02,200,0,0,1,0,0.7904000621469178,0.028810766870954612,5
sdfc,shared_head,sequential,dendritic_affine_separate,dendritic_affine_separate_shared_head_sequential_tasks4_epochs5_hd128-128_lr1e-03_aplr1_apinit4_temp1_replaypct2_replaysize200,0.02,200,0,0,2,0,0.8062212373058262,0.02810127510588808,5
sdfc,shared_head,sequential,dendritic_affine_separate,dendritic_affine_separate_shared_head_sequential_tasks4_epochs5_hd128-128_lr1e-03_aplr1_apinit4_temp1_replaypct2_replaysize200,0.02,200,0,0,3,1,0.8312950307342837,0.03344289914005645,5
sdfc,shared_head,sequential,dendritic_affine_separate,dendritic_affine_separate_shared_head_sequential_tasks4_epochs5_hd128-128_lr1e-03_aplr1_apinit4_temp1_replaypct2_replaysize200,0.02,200,0,1,0,0,0.7904000621469178,0.028810766870954612,5
sdfc,shared_head,sequential,dendritic_affine_separate,dendritic_affine_separate_shared_head_sequential_tasks4_epochs5_hd128-128_lr1e-03_aplr1_apinit4_temp1_replaypct2_replaysize200,0.02,200,0,1,1,0,0.9999999999999961,1.1102230246251565e-16,5
sdfc,shared_head,sequential,dendritic_affine_separate,dendritic_affine_separate_shared_head_sequential_tasks4_epochs5_hd128-128_lr1e-03_aplr1_apinit4_temp1_replaypct2_replaysize200,0.02,200,0,1,2,1,0.7953885846467832,0.02923813123098258,5
sdfc,shared_head,sequential,dendritic_affine_separate,dendritic_affine_separate_shared_head_sequential_tasks4_epochs5_hd128-128_lr1e-03_aplr1_apinit4_temp1_replaypct2_replaysize200,0.02,200,0,1,3,0,0.8021026837558172,0.03218821626504967,5
sdfc,shared_head,sequential,dendritic_affine_separate,dendritic_affine_separate_shared_head_sequential_tasks4_epochs5_hd128-128_lr1e-03_aplr1_apinit4_temp1_replaypct2_replaysize200,0.02,200,0,2,0,0,0.8062212373058262,0.02810127510588808,5
sdfc,shared_head,sequential,dendritic_affine_separate,dendritic_affine_separate_shared_head_sequential_tasks4_epochs5_hd128-128_lr1e-03_aplr1_apinit4_temp1_replaypct2_replaysize200,0.02,200,0,2,1,1,0.7953885846467832,0.02923813123098258,5
sdfc,shared_head,sequential,dendritic_affine_separate,dendritic_affine_separate_shared_head_sequential_tasks4_epochs5_hd128-128_lr1e-03_aplr1_apinit4_temp1_replaypct2_replaysize200,0.02,200,0,2,2,0,0.9999999999999959,3.764949453935611e-16,5
sdfc,shared_head,sequential,dendritic_affine_separate,dendritic_affine_separate_shared_head_sequential_tasks4_epochs5_hd128-128_lr1e-03_aplr1_apinit4_temp1_replaypct2_replaysize200,0.02,200,0,2,3,0,0.8135993663621519,0.02235110443502775,5
sdfc,shared_head,sequential,dendritic_affine_separate,dendritic_affine_separate_shared_head_sequential_tasks4_epochs5_hd128-128_lr1e-03_aplr1_apinit4_temp1_replaypct2_replaysize200,0.02,200,0,3,0,1,0.8312950307342837,0.03344289914005645,5
sdfc,shared_head,sequential,dendritic_affine_separate,dendritic_affine_separate_shared_head_sequential_tasks4_epochs5_hd128-128_lr1e-03_aplr1_apinit4_temp1_replaypct2_replaysize200,0.02,200,0,3,1,0,0.8021026837558172,0.03218821626504967,5
sdfc,shared_head,sequential,dendritic_affine_separate,dendritic_affine_separate_shared_head_sequential_tasks4_epochs5_hd128-128_lr1e-03_aplr1_apinit4_temp1_replaypct2_replaysize200,0.02,200,0,3,2,0,0.8135993663621519,0.02235110443502775,5
sdfc,shared_head,sequential,dendritic_affine_separate,dendritic_affine_separate_shared_head_sequential_tasks4_epochs5_hd128-128_lr1e-03_aplr1_apinit4_temp1_replaypct2_replaysize200,0.02,200,0,3,3,0,0.9999999999999959,1.9229626863835638e-16,5
sdfc,shared_head,sequential,dendritic_affine_separate,dendritic_affine_separate_shared_head_sequential_tasks4_epochs5_hd128-128_lr1e-03_aplr1_apinit4_temp1_replaypct2_replaysize200,0.02,200,1,0,0,0,0.9999999999999958,3.236828524569469e-16,5
sdfc,shared_head,sequential,dendritic_affine_separate,dendritic_affine_separate_shared_head_sequential_tasks4_epochs5_hd128-128_lr1e-03_aplr1_apinit4_temp1_replaypct2_replaysize200,0.02,200,1,0,1,0,0.81159736070469,0.022657641767090734,5
sdfc,shared_head,sequential,dendritic_affine_separate,dendritic_affine_separate_shared_head_sequential_tasks4_epochs5_hd128-128_lr1e-03_aplr1_apinit4_temp1_replaypct2_replaysize200,0.02,200,1,0,2,0,0.8230303907031814,0.022972818810548586,5
sdfc,shared_head,sequential,dendritic_affine_separate,dendritic_affine_separate_shared_head_sequential_tasks4_epochs5_hd128-128_lr1e-03_aplr1_apinit4_temp1_replaypct2_replaysize200,0.02,200,1,0,3,1,0.8027980439223388,0.033867509081779434,5
sdfc,shared_head,sequential,dendritic_affine_separate,dendritic_affine_separate_shared_head_sequential_tasks4_epochs5_hd128-128_lr1e-03_aplr1_apinit4_temp1_replaypct2_replaysize200,0.02,200,1,1,0,0,0.81159736070469,0.022657641767090734,5
sdfc,shared_head,sequential,dendritic_affine_separate,dendritic_affine_separate_shared_head_sequential_tasks4_epochs5_hd128-128_lr1e-03_aplr1_apinit4_temp1_replaypct2_replaysize200,0.02,200,1,1,1,0,0.9999999999999953,4.406061034464155e-16,5
sdfc,shared_head,sequential,dendritic_affine_separate,dendritic_affine_separate_shared_head_sequential_tasks4_epochs5_hd128-128_lr1e-03_aplr1_apinit4_temp1_replaypct2_replaysize200,0.02,200,1,1,2,1,0.8044592292751798,0.029538480342804124,5
sdfc,shared_head,sequential,dendritic_affine_separate,dendritic_affine_separate_shared_head_sequential_tasks4_epochs5_hd128-128_lr1e-03_aplr1_apinit4_temp1_replaypct2_replaysize200,0.02,200,1,1,3,0,0.8029039983286292,0.030780298213055345,5
sdfc,shared_head,sequential,dendritic_affine_separate,dendritic_affine_separate_shared_head_sequential_tasks4_epochs5_hd128-128_lr1e-03_aplr1_apinit4_temp1_replaypct2_replaysize200,0.02,200,1,2,0,0,0.8230303907031814,0.022972818810548586,5
sdfc,shared_head,sequential,dendritic_affine_separate,dendritic_affine_separate_shared_head_sequential_tasks4_epochs5_hd128-128_lr1e-03_aplr1_apinit4_temp1_replaypct2_replaysize200,0.02,200,1,2,1,1,0.8044592292751798,0.029538480342804124,5
sdfc,shared_head,sequential,dendritic_affine_separate,dendritic_affine_separate_shared_head_sequential_tasks4_epochs5_hd128-128_lr1e-03_aplr1_apinit4_temp1_replaypct2_replaysize200,0.02,200,1,2,2,0,0.9999999999999956,3.466670283279959e-16,5
sdfc,shared_head,sequential,dendritic_affine_separate,dendritic_affine_separate_shared_head_sequential_tasks4_epochs5_hd128-128_lr1e-03_aplr1_apinit4_temp1_replaypct2_replaysize200,0.02,200,1,2,3,0,0.8286035220942937,0.03637254974630769,5
sdfc,shared_head,sequential,dendritic_affine_separate,dendritic_affine_separate_shared_head_sequential_tasks4_epochs5_hd128-128_lr1e-03_aplr1_apinit4_temp1_replaypct2_replaysize200,0.02,200,1,3,0,1,0.8027980439223388,0.033867509081779434,5
sdfc,shared_head,sequential,dendritic_affine_separate,dendritic_affine_separate_shared_head_sequential_tasks4_epochs5_hd128-128_lr1e-03_aplr1_apinit4_temp1_replaypct2_replaysize200,0.02,200,1,3,1,0,0.8029039983286292,0.030780298213055345,5
sdfc,shared_head,sequential,dendritic_affine_separate,dendritic_affine_separate_shared_head_sequential_tasks4_epochs5_hd128-128_lr1e-03_aplr1_apinit4_temp1_replaypct2_replaysize200,0.02,200,1,3,2,0,0.8286035220942937,0.03637254974630769,5
sdfc,shared_head,sequential,dendritic_affine_separate,dendritic_affine_separate_shared_head_sequential_tasks4_epochs5_hd128-128_lr1e-03_aplr1_apinit4_temp1_replaypct2_replaysize200,0.02,200,1,3,3,0,0.9999999999999953,5.661048867003676e-16,5
sdfc,shared_head,sequential,dendritic_affine_separate,dendritic_affine_separate_shared_head_sequential_tasks4_epochs5_hd128-128_lr1e-03_aplr1_apinit4_temp1_replaypct5_replaysize500,0.05,500,0,0,0,0,0.9999999999999961,1.9229626863835638e-16,5
sdfc,shared_head,sequential,dendritic_affine_separate,dendritic_affine_separate_shared_head_sequential_tasks4_epochs5_hd128-128_lr1e-03_aplr1_apinit4_temp1_replaypct5_replaysize500,0.05,500,0,0,1,0,0.7909423328406255,0.03085963374725101,5
sdfc,shared_head,sequential,dendritic_affine_separate,dendritic_affine_separate_shared_head_sequential_tasks4_epochs5_hd128-128_lr1e-03_aplr1_apinit4_temp1_replaypct5_replaysize500,0.05,500,0,0,2,0,0.8104408141355639,0.022176872473268817,5
sdfc,shared_head,sequential,dendritic_affine_separate,dendritic_affine_separate_shared_head_sequential_tasks4_epochs5_hd128-128_lr1e-03_aplr1_apinit4_temp1_replaypct5_replaysize500,0.05,500,0,0,3,1,0.8331295141698488,0.03137848236347591,5
sdfc,shared_head,sequential,dendritic_affine_separate,dendritic_affine_separate_shared_head_sequential_tasks4_epochs5_hd128-128_lr1e-03_aplr1_apinit4_temp1_replaypct5_replaysize500,0.05,500,0,1,0,0,0.7909423328406255,0.03085963374725101,5
sdfc,shared_head,sequential,dendritic_affine_separate,dendritic_affine_separate_shared_head_sequential_tasks4_epochs5_hd128-128_lr1e-03_aplr1_apinit4_temp1_replaypct5_replaysize500,0.05,500,0,1,1,0,0.9999999999999961,1.1102230246251565e-16,5
sdfc,shared_head,sequential,dendritic_affine_separate,dendritic_affine_separate_shared_head_sequential_tasks4_epochs5_hd128-128_lr1e-03_aplr1_apinit4_temp1_replaypct5_replaysize500,0.05,500,0,1,2,1,0.7962675401750923,0.026902599545794843,5
sdfc,shared_head,sequential,dendritic_affine_separate,dendritic_affine_separate_shared_head_sequential_tasks4_epochs5_hd128-128_lr1e-03_aplr1_apinit4_temp1_replaypct5_replaysize500,0.05,500,0,1,3,0,0.8031111359946597,0.03197391969969113,5
sdfc,shared_head,sequential,dendritic_affine_separate,dendritic_affine_separate_shared_head_sequential_tasks4_epochs5_hd128-128_lr1e-03_aplr1_apinit4_temp1_replaypct5_replaysize500,0.05,500,0,2,0,0,0.8104408141355639,0.022176872473268817,5
sdfc,shared_head,sequential,dendritic_affine_separate,dendritic_affine_separate_shared_head_sequential_tasks4_epochs5_hd128-128_lr1e-03_aplr1_apinit4_temp1_replaypct5_replaysize500,0.05,500,0,2,1,1,0.7962675401750923,0.026902599545794843,5
sdfc,shared_head,sequential,dendritic_affine_separate,dendritic_affine_separate_shared_head_sequential_tasks4_epochs5_hd128-128_lr1e-03_aplr1_apinit4_temp1_replaypct5_replaysize500,0.05,500,0,2,2,0,0.9999999999999959,1.2412670766236366e-16,5
sdfc,shared_head,sequential,dendritic_affine_separate,dendritic_affine_separate_shared_head_sequential_tasks4_epochs5_hd128-128_lr1e-03_aplr1_apinit4_temp1_replaypct5_replaysize500,0.05,500,0,2,3,0,0.813793204395399,0.021401339601258267,5
sdfc,shared_head,sequential,dendritic_affine_separate,dendritic_affine_separate_shared_head_sequential_tasks4_epochs5_hd128-128_lr1e-03_aplr1_apinit4_temp1_replaypct5_replaysize500,0.05,500,0,3,0,1,0.8331295141698488,0.03137848236347591,5
sdfc,shared_head,sequential,dendritic_affine_separate,dendritic_affine_separate_shared_head_sequential_tasks4_epochs5_hd128-128_lr1e-03_aplr1_apinit4_temp1_replaypct5_replaysize500,0.05,500,0,3,1,0,0.8031111359946597,0.03197391969969113,5
sdfc,shared_head,sequential,dendritic_affine_separate,dendritic_affine_separate_shared_head_sequential_tasks4_epochs5_hd128-128_lr1e-03_aplr1_apinit4_temp1_replaypct5_replaysize500,0.05,500,0,3,2,0,0.813793204395399,0.021401339601258267,5
sdfc,shared_head,sequential,dendritic_affine_separate,dendritic_affine_separate_shared_head_sequential_tasks4_epochs5_hd128-128_lr1e-03_aplr1_apinit4_temp1_replaypct5_replaysize500,0.05,500,0,3,3,0,0.9999999999999959,1.9229626863835638e-16,5
sdfc,shared_head,sequential,dendritic_affine_separate,dendritic_affine_separate_shared_head_sequential_tasks4_epochs5_hd128-128_lr1e-03_aplr1_apinit4_temp1_replaypct5_replaysize500,0.05,500,1,0,0,0,0.9999999999999958,2.7194799110210365e-16,5
sdfc,shared_head,sequential,dendritic_affine_separate,dendritic_affine_separate_shared_head_sequential_tasks4_epochs5_hd128-128_lr1e-03_aplr1_apinit4_temp1_replaypct5_replaysize500,0.05,500,1,0,1,0,0.8098587969198612,0.023681747463472822,5
sdfc,shared_head,sequential,dendritic_affine_separate,dendritic_affine_separate_shared_head_sequential_tasks4_epochs5_hd128-128_lr1e-03_aplr1_apinit4_temp1_replaypct5_replaysize500,0.05,500,1,0,2,0,0.8234450575629063,0.02259542831032034,5
sdfc,shared_head,sequential,dendritic_affine_separate,dendritic_affine_separate_shared_head_sequential_tasks4_epochs5_hd128-128_lr1e-03_aplr1_apinit4_temp1_replaypct5_replaysize500,0.05,500,1,0,3,1,0.8023923716765351,0.03170959527660028,5
sdfc,shared_head,sequential,dendritic_affine_separate,dendritic_affine_separate_shared_head_sequential_tasks4_epochs5_hd128-128_lr1e-03_aplr1_apinit4_temp1_replaypct5_replaysize500,0.05,500,1,1,0,0,0.8098587969198612,0.023681747463472822,5
sdfc,shared_head,sequential,dendritic_affine_separate,dendritic_affine_separate_shared_head_sequential_tasks4_epochs5_hd128-128_lr1e-03_aplr1_apinit4_temp1_replaypct5_replaysize500,0.05,500,1,1,1,0,0.9999999999999953,3.040470972244059e-16,5
sdfc,shared_head,sequential,dendritic_affine_separate,dendritic_affine_separate_shared_head_sequential_tasks4_epochs5_hd128-128_lr1e-03_aplr1_apinit4_temp1_replaypct5_replaysize500,0.05,500,1,1,2,1,0.8050772529923513,0.02991295229665354,5
sdfc,shared_head,sequential,dendritic_affine_separate,dendritic_affine_separate_shared_head_sequential_tasks4_epochs5_hd128-128_lr1e-03_aplr1_apinit4_temp1_replaypct5_replaysize500,0.05,500,1,1,3,0,0.8070785041110314,0.029378965586080757,5
sdfc,shared_head,sequential,dendritic_affine_separate,dendritic_affine_separate_shared_head_sequential_tasks4_epochs5_hd128-128_lr1e-03_aplr1_apinit4_temp1_replaypct5_replaysize500,0.05,500,1,2,0,0,0.8234450575629063,0.02259542831032034,5
sdfc,shared_head,sequential,dendritic_affine_separate,dendritic_affine_separate_shared_head_sequential_tasks4_epochs5_hd128-128_lr1e-03_aplr1_apinit4_temp1_replaypct5_replaysize500,0.05,500,1,2,1,1,0.8050772529923513,0.02991295229665354,5
sdfc,shared_head,sequential,dendritic_affine_separate,dendritic_affine_separate_shared_head_sequential_tasks4_epochs5_hd128-128_lr1e-03_aplr1_apinit4_temp1_replaypct5_replaysize500,0.05,500,1,2,2,0,0.9999999999999956,2.884444029575346e-16,5
sdfc,shared_head,sequential,dendritic_affine_separate,dendritic_affine_separate_shared_head_sequential_tasks4_epochs5_hd128-128_lr1e-03_aplr1_apinit4_temp1_replaypct5_replaysize500,0.05,500,1,2,3,0,0.8271958395520885,0.03620716807578517,5
sdfc,shared_head,sequential,dendritic_affine_separate,dendritic_affine_separate_shared_head_sequential_tasks4_epochs5_hd128-128_lr1e-03_aplr1_apinit4_temp1_replaypct5_replaysize500,0.05,500,1,3,0,1,0.8023923716765351,0.03170959527660028,5
sdfc,shared_head,sequential,dendritic_affine_separate,dendritic_affine_separate_shared_head_sequential_tasks4_epochs5_hd128-128_lr1e-03_aplr1_apinit4_temp1_replaypct5_replaysize500,0.05,500,1,3,1,0,0.8070785041110314,0.029378965586080757,5
sdfc,shared_head,sequential,dendritic_affine_separate,dendritic_affine_separate_shared_head_sequential_tasks4_epochs5_hd128-128_lr1e-03_aplr1_apinit4_temp1_replaypct5_replaysize500,0.05,500,1,3,2,0,0.8271958395520885,0.03620716807578517,5
sdfc,shared_head,sequential,dendritic_affine_separate,dendritic_affine_separate_shared_head_sequential_tasks4_epochs5_hd128-128_lr1e-03_aplr1_apinit4_temp1_replaypct5_replaysize500,0.05,500,1,3,3,0,0.9999999999999953,4.041272810440265e-16,5
sdfc,shared_head,sequential,film_full,film_full_shared_head_sequential_tasks4_epochs5_hd128-128_lr1e-03_aplr1_apinit4_temp1_replaypct0_replaysize0,0.0,0,0,0,0,0,0.9999999999999958,2.7194799110210365e-16,5
sdfc,shared_head,sequential,film_full,film_full_shared_head_sequential_tasks4_epochs5_hd128-128_lr1e-03_aplr1_apinit4_temp1_replaypct0_replaysize0,0.0,0,0,0,1,0,0.8104221038754084,0.02760396166103036,5
sdfc,shared_head,sequential,film_full,film_full_shared_head_sequential_tasks4_epochs5_hd128-128_lr1e-03_aplr1_apinit4_temp1_replaypct0_replaysize0,0.0,0,0,0,2,0,0.8268389141355229,0.02500908922826609,5
sdfc,shared_head,sequential,film_full,film_full_shared_head_sequential_tasks4_epochs5_hd128-128_lr1e-03_aplr1_apinit4_temp1_replaypct0_replaysize0,0.0,0,0,0,3,1,0.8392046289743174,0.027375269280759493,5
sdfc,shared_head,sequential,film_full,film_full_shared_head_sequential_tasks4_epochs5_hd128-128_lr1e-03_aplr1_apinit4_temp1_replaypct0_replaysize0,0.0,0,0,1,0,0,0.8104221038754084,0.02760396166103036,5
sdfc,shared_head,sequential,film_full,film_full_shared_head_sequential_tasks4_epochs5_hd128-128_lr1e-03_aplr1_apinit4_temp1_replaypct0_replaysize0,0.0,0,0,1,1,0,0.9999999999999958,1.9229626863835638e-16,5
sdfc,shared_head,sequential,film_full,film_full_shared_head_sequential_tasks4_epochs5_hd128-128_lr1e-03_aplr1_apinit4_temp1_replaypct0_replaysize0,0.0,0,0,1,2,1,0.7974897228927136,0.02746334325535107,5
sdfc,shared_head,sequential,film_full,film_full_shared_head_sequential_tasks4_epochs5_hd128-128_lr1e-03_aplr1_apinit4_temp1_replaypct0_replaysize0,0.0,0,0,1,3,0,0.8033525727417699,0.029863568302353035,5
sdfc,shared_head,sequential,film_full,film_full_shared_head_sequential_tasks4_epochs5_hd128-128_lr1e-03_aplr1_apinit4_temp1_replaypct0_replaysize0,0.0,0,0,2,0,0,0.8268389141355229,0.02500908922826609,5
sdfc,shared_head,sequential,film_full,film_full_shared_head_sequential_tasks4_epochs5_hd128-128_lr1e-03_aplr1_apinit4_temp1_replaypct0_replaysize0,0.0,0,0,2,1,1,0.7974897228927136,0.02746334325535107,5
sdfc,shared_head,sequential,film_full,film_full_shared_head_sequential_tasks4_epochs5_hd128-128_lr1e-03_aplr1_apinit4_temp1_replaypct0_replaysize0,0.0,0,0,2,2,0,0.9999999999999958,3.236828524569469e-16,5
sdfc,shared_head,sequential,film_full,film_full_shared_head_sequential_tasks4_epochs5_hd128-128_lr1e-03_aplr1_apinit4_temp1_replaypct0_replaysize0,0.0,0,0,2,3,0,0.8163709752616137,0.02015383404079325,5
sdfc,shared_head,sequential,film_full,film_full_shared_head_sequential_tasks4_epochs5_hd128-128_lr1e-03_aplr1_apinit4_temp1_replaypct0_replaysize0,0.0,0,0,3,0,1,0.8392046289743174,0.027375269280759493,5
sdfc,shared_head,sequential,film_full,film_full_shared_head_sequential_tasks4_epochs5_hd128-128_lr1e-03_aplr1_apinit4_temp1_replaypct0_replaysize0,0.0,0,0,3,1,0,0.8033525727417699,0.029863568302353035,5
sdfc,shared_head,sequential,film_full,film_full_shared_head_sequential_tasks4_epochs5_hd128-128_lr1e-03_aplr1_apinit4_temp1_replaypct0_replaysize0,0.0,0,0,3,2,0,0.8163709752616137,0.02015383404079325,5
sdfc,shared_head,sequential,film_full,film_full_shared_head_sequential_tasks4_epochs5_hd128-128_lr1e-03_aplr1_apinit4_temp1_replaypct0_replaysize0,0.0,0,0,3,3,0,0.9999999999999958,2.830524433501838e-16,5
sdfc,shared_head,sequential,film_full,film_full_shared_head_sequential_tasks4_epochs5_hd128-128_lr1e-03_aplr1_apinit4_temp1_replaypct0_replaysize0,0.0,0,1,0,0,0,0.9999999999999956,4.611102534756203e-16,5
sdfc,shared_head,sequential,film_full,film_full_shared_head_sequential_tasks4_epochs5_hd128-128_lr1e-03_aplr1_apinit4_temp1_replaypct0_replaysize0,0.0,0,1,0,1,0,0.815866877487484,0.02794137691169641,5
sdfc,shared_head,sequential,film_full,film_full_shared_head_sequential_tasks4_epochs5_hd128-128_lr1e-03_aplr1_apinit4_temp1_replaypct0_replaysize0,0.0,0,1,0,2,0,0.8255090873895791,0.024868757051688752,5
sdfc,shared_head,sequential,film_full,film_full_shared_head_sequential_tasks4_epochs5_hd128-128_lr1e-03_aplr1_apinit4_temp1_replaypct0_replaysize0,0.0,0,1,0,3,1,0.8085534801305663,0.031351758525975486,5
sdfc,shared_head,sequential,film_full,film_full_shared_head_sequential_tasks4_epochs5_hd128-128_lr1e-03_aplr1_apinit4_temp1_replaypct0_replaysize0,0.0,0,1,1,0,0,0.815866877487484,0.02794137691169641,5
sdfc,shared_head,sequential,film_full,film_full_shared_head_sequential_tasks4_epochs5_hd128-128_lr1e-03_aplr1_apinit4_temp1_replaypct0_replaysize0,0.0,0,1,1,1,0,0.999999999999995,3.4219371797089426e-16,5
sdfc,shared_head,sequential,film_full,film_full_shared_head_sequential_tasks4_epochs5_hd128-128_lr1e-03_aplr1_apinit4_temp1_replaypct0_replaysize0,0.0,0,1,1,2,1,0.8090262074910101,0.03280471473401487,5
sdfc,shared_head,sequential,film_full,film_full_shared_head_sequential_tasks4_epochs5_hd128-128_lr1e-03_aplr1_apinit4_temp1_replaypct0_replaysize0,0.0,0,1,1,3,0,0.8112889973128734,0.03290536897510232,5
sdfc,shared_head,sequential,film_full,film_full_shared_head_sequential_tasks4_epochs5_hd128-128_lr1e-03_aplr1_apinit4_temp1_replaypct0_replaysize0,0.0,0,1,2,0,0,0.8255090873895791,0.024868757051688752,5
sdfc,shared_head,sequential,film_full,film_full_shared_head_sequential_tasks4_epochs5_hd128-128_lr1e-03_aplr1_apinit4_temp1_replaypct0_replaysize0,0.0,0,1,2,1,1,0.8090262074910101,0.03280471473401487,5
sdfc,shared_head,sequential,film_full,film_full_shared_head_sequential_tasks4_epochs5_hd128-128_lr1e-03_aplr1_apinit4_temp1_replaypct0_replaysize0,0.0,0,1,2,2,0,0.9999999999999953,3.3306690738754696e-16,5
sdfc,shared_head,sequential,film_full,film_full_shared_head_sequential_tasks4_epochs5_hd128-128_lr1e-03_aplr1_apinit4_temp1_replaypct0_replaysize0,0.0,0,1,2,3,0,0.8284257048688017,0.03187200850427838,5
sdfc,shared_head,sequential,film_full,film_full_shared_head_sequential_tasks4_epochs5_hd128-128_lr1e-03_aplr1_apinit4_temp1_replaypct0_replaysize0,0.0,0,1,3,0,1,0.8085534801305663,0.031351758525975486,5
sdfc,shared_head,sequential,film_full,film_full_shared_head_sequential_tasks4_epochs5_hd128-128_lr1e-03_aplr1_apinit4_temp1_replaypct0_replaysize0,0.0,0,1,3,1,0,0.8112889973128734,0.03290536897510232,5
sdfc,shared_head,sequential,film_full,film_full_shared_head_sequential_tasks4_epochs5_hd128-128_lr1e-03_aplr1_apinit4_temp1_replaypct0_replaysize0,0.0,0,1,3,2,0,0.8284257048688017,0.03187200850427838,5
sdfc,shared_head,sequential,film_full,film_full_shared_head_sequential_tasks4_epochs5_hd128-128_lr1e-03_aplr1_apinit4_temp1_replaypct0_replaysize0,0.0,0,1,3,3,0,0.9999999999999952,4.54378355600607e-16,5
sdfc,shared_head,sequential,film_full,film_full_shared_head_sequential_tasks4_epochs5_hd128-128_lr1e-03_aplr1_apinit4_temp1_replaypct10_replaysize1000,0.1,1000,0,0,0,0,0.9999999999999959,3.466670283279959e-16,5
sdfc,shared_head,sequential,film_full,film_full_shared_head_sequential_tasks4_epochs5_hd128-128_lr1e-03_aplr1_apinit4_temp1_replaypct10_replaysize1000,0.1,1000,0,0,1,0,0.7865376510473432,0.02999745099299353,5
sdfc,shared_head,sequential,film_full,film_full_shared_head_sequential_tasks4_epochs5_hd128-128_lr1e-03_aplr1_apinit4_temp1_replaypct10_replaysize1000,0.1,1000,0,0,2,0,0.8048911390759341,0.024540910310750674,5
sdfc,shared_head,sequential,film_full,film_full_shared_head_sequential_tasks4_epochs5_hd128-128_lr1e-03_aplr1_apinit4_temp1_replaypct10_replaysize1000,0.1,1000,0,0,3,1,0.8243606935595575,0.03065139809105896,5
sdfc,shared_head,sequential,film_full,film_full_shared_head_sequential_tasks4_epochs5_hd128-128_lr1e-03_aplr1_apinit4_temp1_replaypct10_replaysize1000,0.1,1000,0,1,0,0,0.7865376510473432,0.02999745099299353,5
sdfc,shared_head,sequential,film_full,film_full_shared_head_sequential_tasks4_epochs5_hd128-128_lr1e-03_aplr1_apinit4_temp1_replaypct10_replaysize1000,0.1,1000,0,1,1,0,0.9999999999999958,2.220446049250313e-16,5
sdfc,shared_head,sequential,film_full,film_full_shared_head_sequential_tasks4_epochs5_hd128-128_lr1e-03_aplr1_apinit4_temp1_replaypct10_replaysize1000,0.1,1000,0,1,2,1,0.7884953958291656,0.030389781620487877,5
sdfc,shared_head,sequential,film_full,film_full_shared_head_sequential_tasks4_epochs5_hd128-128_lr1e-03_aplr1_apinit4_temp1_replaypct10_replaysize1000,0.1,1000,0,1,3,0,0.7895930058708944,0.03535986223220125,5
sdfc,shared_head,sequential,film_full,film_full_shared_head_sequential_tasks4_epochs5_hd128-128_lr1e-03_aplr1_apinit4_temp1_replaypct10_replaysize1000,0.1,1000,0,2,0,0,0.8048911390759341,0.024540910310750674,5
sdfc,shared_head,sequential,film_full,film_full_shared_head_sequential_tasks4_epochs5_hd128-128_lr1e-03_aplr1_apinit4_temp1_replaypct10_replaysize1000,0.1,1000,0,2,1,1,0.7884953958291656,0.030389781620487877,5
sdfc,shared_head,sequential,film_full,film_full_shared_head_sequential_tasks4_epochs5_hd128-128_lr1e-03_aplr1_apinit4_temp1_replaypct10_replaysize1000,0.1,1000,0,2,2,0,0.9999999999999958,1.9229626863835638e-16,5
sdfc,shared_head,sequential,film_full,film_full_shared_head_sequential_tasks4_epochs5_hd128-128_lr1e-03_aplr1_apinit4_temp1_replaypct10_replaysize1000,0.1,1000,0,2,3,0,0.8053786708545871,0.023462188369738533,5
sdfc,shared_head,sequential,film_full,film_full_shared_head_sequential_tasks4_epochs5_hd128-128_lr1e-03_aplr1_apinit4_temp1_replaypct10_replaysize1000,0.1,1000,0,3,0,1,0.8243606935595575,0.03065139809105896,5
sdfc,shared_head,sequential,film_full,film_full_shared_head_sequential_tasks4_epochs5_hd128-128_lr1e-03_aplr1_apinit4_temp1_replaypct10_replaysize1000,0.1,1000,0,3,1,0,0.7895930058708944,0.03535986223220125,5
sdfc,shared_head,sequential,film_full,film_full_shared_head_sequential_tasks4_epochs5_hd128-128_lr1e-03_aplr1_apinit4_temp1_replaypct10_replaysize1000,0.1,1000,0,3,2,0,0.8053786708545871,0.023462188369738533,5
sdfc,shared_head,sequential,film_full,film_full_shared_head_sequential_tasks4_epochs5_hd128-128_lr1e-03_aplr1_apinit4_temp1_replaypct10_replaysize1000,0.1,1000,0,3,3,0,0.9999999999999956,2.3551386880256624e-16,5
sdfc,shared_head,sequential,film_full,film_full_shared_head_sequential_tasks4_epochs5_hd128-128_lr1e-03_aplr1_apinit4_temp1_replaypct10_replaysize1000,0.1,1000,1,0,0,0,0.9999999999999956,3.284083995358298e-16,5
sdfc,shared_head,sequential,film_full,film_full_shared_head_sequential_tasks4_epochs5_hd128-128_lr1e-03_aplr1_apinit4_temp1_replaypct10_replaysize1000,0.1,1000,1,0,1,0,0.8070006232155954,0.024310044691091458,5
sdfc,shared_head,sequential,film_full,film_full_shared_head_sequential_tasks4_epochs5_hd128-128_lr1e-03_aplr1_apinit4_temp1_replaypct10_replaysize1000,0.1,1000,1,0,2,0,0.8200863099418699,0.022594732086399706,5
sdfc,shared_head,sequential,film_full,film_full_shared_head_sequential_tasks4_epochs5_hd128-128_lr1e-03_aplr1_apinit4_temp1_replaypct10_replaysize1000,0.1,1000,1,0,3,1,0.8005210439402024,0.03281514937630176,5
sdfc,shared_head,sequential,film_full,film_full_shared_head_sequential_tasks4_epochs5_hd128-128_lr1e-03_aplr1_apinit4_temp1_replaypct10_replaysize1000,0.1,1000,1,1,0,0,0.8070006232155954,0.024310044691091458,5
sdfc,shared_head,sequential,film_full,film_full_shared_head_sequential_tasks4_epochs5_hd128-128_lr1e-03_aplr1_apinit4_temp1_replaypct10_replaysize1000,0.1,1000,1,1,1,0,0.999999999999995,3.4219371797089426e-16,5
sdfc,shared_head,sequential,film_full,film_full_shared_head_sequential_tasks4_epochs5_hd128-128_lr1e-03_aplr1_apinit4_temp1_replaypct10_replaysize1000,0.1,1000,1,1,2,1,0.8049437223823454,0.030405202060603088,5
sdfc,shared_head,sequential,film_full,film_full_shared_head_sequential_tasks4_epochs5_hd128-128_lr1e-03_aplr1_apinit4_temp1_replaypct10_replaysize1000,0.1,1000,1,1,3,0,0.8053656849175752,0.033393891565485,5
sdfc,shared_head,sequential,film_full,film_full_shared_head_sequential_tasks4_epochs5_hd128-128_lr1e-03_aplr1_apinit4_temp1_replaypct10_replaysize1000,0.1,1000,1,2,0,0,0.8200863099418699,0.022594732086399706,5
sdfc,shared_head,sequential,film_full,film_full_shared_head_sequential_tasks4_epochs5_hd128-128_lr1e-03_aplr1_apinit4_temp1_replaypct10_replaysize1000,0.1,1000,1,2,1,1,0.8049437223823454,0.030405202060603088,5
sdfc,shared_head,sequential,film_full,film_full_shared_head_sequential_tasks4_epochs5_hd128-128_lr1e-03_aplr1_apinit4_temp1_replaypct10_replaysize1000,0.1,1000,1,2,2,0,0.9999999999999953,3.466670283279959e-16,5
sdfc,shared_head,sequential,film_full,film_full_shared_head_sequential_tasks4_epochs5_hd128-128_lr1e-03_aplr1_apinit4_temp1_replaypct10_replaysize1000,0.1,1000,1,2,3,0,0.8244195341055913,0.036561053997011095,5
sdfc,shared_head,sequential,film_full,film_full_shared_head_sequential_tasks4_epochs5_hd128-128_lr1e-03_aplr1_apinit4_temp1_replaypct10_replaysize1000,0.1,1000,1,3,0,1,0.8005210439402024,0.03281514937630176,5
sdfc,shared_head,sequential,film_full,film_full_shared_head_sequential_tasks4_epochs5_hd128-128_lr1e-03_aplr1_apinit4_temp1_replaypct10_replaysize1000,0.1,1000,1,3,1,0,0.8053656849175752,0.033393891565485,5
sdfc,shared_head,sequential,film_full,film_full_shared_head_sequential_tasks4_epochs5_hd128-128_lr1e-03_aplr1_apinit4_temp1_replaypct10_replaysize1000,0.1,1000,1,3,2,0,0.8244195341055913,0.036561053997011095,5
sdfc,shared_head,sequential,film_full,film_full_shared_head_sequential_tasks4_epochs5_hd128-128_lr1e-03_aplr1_apinit4_temp1_replaypct10_replaysize1000,0.1,1000,1,3,3,0,0.9999999999999952,5.23691153334427e-16,5
sdfc,shared_head,sequential,film_full,film_full_shared_head_sequential_tasks4_epochs5_hd128-128_lr1e-03_aplr1_apinit4_temp1_replaypct2_replaysize200,0.02,200,0,0,0,0,0.9999999999999959,1.1102230246251565e-16,5
sdfc,shared_head,sequential,film_full,film_full_shared_head_sequential_tasks4_epochs5_hd128-128_lr1e-03_aplr1_apinit4_temp1_replaypct2_replaysize200,0.02,200,0,0,1,0,0.7849160011087272,0.027582279267968454,5
sdfc,shared_head,sequential,film_full,film_full_shared_head_sequential_tasks4_epochs5_hd128-128_lr1e-03_aplr1_apinit4_temp1_replaypct2_replaysize200,0.02,200,0,0,2,0,0.8046062762552133,0.02725620146375683,5
sdfc,shared_head,sequential,film_full,film_full_shared_head_sequential_tasks4_epochs5_hd128-128_lr1e-03_aplr1_apinit4_temp1_replaypct2_replaysize200,0.02,200,0,0,3,1,0.8223128015441462,0.033791417685586425,5
sdfc,shared_head,sequential,film_full,film_full_shared_head_sequential_tasks4_epochs5_hd128-128_lr1e-03_aplr1_apinit4_temp1_replaypct2_replaysize200,0.02,200,0,1,0,0,0.7849160011087272,0.027582279267968454,5
sdfc,shared_head,sequential,film_full,film_full_shared_head_sequential_tasks4_epochs5_hd128-128_lr1e-03_aplr1_apinit4_temp1_replaypct2_replaysize200,0.02,200,0,1,1,0,0.9999999999999958,1.9229626863835638e-16,5
sdfc,shared_head,sequential,film_full,film_full_shared_head_sequential_tasks4_epochs5_hd128-128_lr1e-03_aplr1_apinit4_temp1_replaypct2_replaysize200,0.02,200,0,1,2,1,0.7857973390043892,0.030235203081500468,5
sdfc,shared_head,sequential,film_full,film_full_shared_head_sequential_tasks4_epochs5_hd128-128_lr1e-03_aplr1_apinit4_temp1_replaypct2_replaysize200,0.02,200,0,1,3,0,0.7886269829203354,0.03457095728539513,5
sdfc,shared_head,sequential,film_full,film_full_shared_head_sequential_tasks4_epochs5_hd128-128_lr1e-03_aplr1_apinit4_temp1_replaypct2_replaysize200,0.02,200,0,2,0,0,0.8046062762552133,0.02725620146375683,5
sdfc,shared_head,sequential,film_full,film_full_shared_head_sequential_tasks4_epochs5_hd128-128_lr1e-03_aplr1_apinit4_temp1_replaypct2_replaysize200,0.02,200,0,2,1,1,0.7857973390043892,0.030235203081500468,5
sdfc,shared_head,sequential,film_full,film_full_shared_head_sequential_tasks4_epochs5_hd128-128_lr1e-03_aplr1_apinit4_temp1_replaypct2_replaysize200,0.02,200,0,2,2,0,0.9999999999999958,2.830524433501838e-16,5
sdfc,shared_head,sequential,film_full,film_full_shared_head_sequential_tasks4_epochs5_hd128-128_lr1e-03_aplr1_apinit4_temp1_replaypct2_replaysize200,0.02,200,0,2,3,0,0.8051134795889772,0.028436655873799673,5
sdfc,shared_head,sequential,film_full,film_full_shared_head_sequential_tasks4_epochs5_hd128-128_lr1e-03_aplr1_apinit4_temp1_replaypct2_replaysize200,0.02,200,0,3,0,1,0.8223128015441462,0.033791417685586425,5
sdfc,shared_head,sequential,film_full,film_full_shared_head_sequential_tasks4_epochs5_hd128-128_lr1e-03_aplr1_apinit4_temp1_replaypct2_replaysize200,0.02,200,0,3,1,0,0.7886269829203354,0.03457095728539513,5
sdfc,shared_head,sequential,film_full,film_full_shared_head_sequential_tasks4_epochs5_hd128-128_lr1e-03_aplr1_apinit4_temp1_replaypct2_replaysize200,0.02,200,0,3,2,0,0.8051134795889772,0.028436655873799673,5
sdfc,shared_head,sequential,film_full,film_full_shared_head_sequential_tasks4_epochs5_hd128-128_lr1e-03_aplr1_apinit4_temp1_replaypct2_replaysize200,0.02,200,0,3,3,0,0.9999999999999958,3.510833468576701e-16,5
sdfc,shared_head,sequential,film_full,film_full_shared_head_sequential_tasks4_epochs5_hd128-128_lr1e-03_aplr1_apinit4_temp1_replaypct2_replaysize200,0.02,200,1,0,0,0,0.9999999999999956,4.1168171577819285e-16,5
sdfc,shared_head,sequential,film_full,film_full_shared_head_sequential_tasks4_epochs5_hd128-128_lr1e-03_aplr1_apinit4_temp1_replaypct2_replaysize200,0.02,200,1,0,1,0,0.8059006577180332,0.0249475126978079,5
sdfc,shared_head,sequential,film_full,film_full_shared_head_sequential_tasks4_epochs5_hd128-128_lr1e-03_aplr1_apinit4_temp1_replaypct2_replaysize200,0.02,200,1,0,2,0,0.8199110948763405,0.022459553695055,5
sdfc,shared_head,sequential,film_full,film_full_shared_head_sequential_tasks4_epochs5_hd128-128_lr1e-03_aplr1_apinit4_temp1_replaypct2_replaysize200,0.02,200,1,0,3,1,0.7998440444846668,0.034156832603518324,5
sdfc,shared_head,sequential,film_full,film_full_shared_head_sequential_tasks4_epochs5_hd128-128_lr1e-03_aplr1_apinit4_temp1_replaypct2_replaysize200,0.02,200,1,1,0,0,0.8059006577180332,0.0249475126978079,5
sdfc,shared_head,sequential,film_full,film_full_shared_head_sequential_tasks4_epochs5_hd128-128_lr1e-03_aplr1_apinit4_temp1_replaypct2_replaysize200,0.02,200,1,1,1,0,0.9999999999999952,2.6622212897024595e-16,5
sdfc,shared_head,sequential,film_full,film_full_shared_head_sequential_tasks4_epochs5_hd128-128_lr1e-03_aplr1_apinit4_temp1_replaypct2_replaysize200,0.02,200,1,1,2,1,0.8025322762067706,0.027849034018599693,5
sdfc,shared_head,sequential,film_full,film_full_shared_head_sequential_tasks4_epochs5_hd128-128_lr1e-03_aplr1_apinit4_temp1_replaypct2_replaysize200,0.02,200,1,1,3,0,0.803793075631684,0.031374273778665904,5
sdfc,shared_head,sequential,film_full,film_full_shared_head_sequential_tasks4_epochs5_hd128-128_lr1e-03_aplr1_apinit4_temp1_replaypct2_replaysize200,0.02,200,1,2,0,0,0.8199110948763405,0.022459553695055,5
sdfc,shared_head,sequential,film_full,film_full_shared_head_sequential_tasks4_epochs5_hd128-128_lr1e-03_aplr1_apinit4_temp1_replaypct2_replaysize200,0.02,200,1,2,1,1,0.8025322762067706,0.027849034018599693,5
sdfc,shared_head,sequential,film_full,film_full_shared_head_sequential_tasks4_epochs5_hd128-128_lr1e-03_aplr1_apinit4_temp1_replaypct2_replaysize200,0.02,200,1,2,2,0,0.9999999999999953,2.7194799110210365e-16,5
sdfc,shared_head,sequential,film_full,film_full_shared_head_sequential_tasks4_epochs5_hd128-128_lr1e-03_aplr1_apinit4_temp1_replaypct2_replaysize200,0.02,200,1,2,3,0,0.8266510175546374,0.035856803097199866,5
sdfc,shared_head,sequential,film_full,film_full_shared_head_sequential_tasks4_epochs5_hd128-128_lr1e-03_aplr1_apinit4_temp1_replaypct2_replaysize200,0.02,200,1,3,0,1,0.7998440444846668,0.034156832603518324,5
sdfc,shared_head,sequential,film_full,film_full_shared_head_sequential_tasks4_epochs5_hd128-128_lr1e-03_aplr1_apinit4_temp1_replaypct2_replaysize200,0.02,200,1,3,1,0,0.803793075631684,0.031374273778665904,5
sdfc,shared_head,sequential,film_full,film_full_shared_head_sequential_tasks4_epochs5_hd128-128_lr1e-03_aplr1_apinit4_temp1_replaypct2_replaysize200,0.02,200,1,3,2,0,0.8266510175546374,0.035856803097199866,5
sdfc,shared_head,sequential,film_full,film_full_shared_head_sequential_tasks4_epochs5_hd128-128_lr1e-03_aplr1_apinit4_temp1_replaypct2_replaysize200,0.02,200,1,3,3,0,0.9999999999999952,5.606351459942525e-16,5
sdfc,shared_head,sequential,film_full,film_full_shared_head_sequential_tasks4_epochs5_hd128-128_lr1e-03_aplr1_apinit4_temp1_replaypct5_replaysize500,0.05,500,0,0,0,0,0.9999999999999959,2.0014830212433605e-16,5
sdfc,shared_head,sequential,film_full,film_full_shared_head_sequential_tasks4_epochs5_hd128-128_lr1e-03_aplr1_apinit4_temp1_replaypct5_replaysize500,0.05,500,0,0,1,0,0.7844202466367503,0.0304680391973303,5
sdfc,shared_head,sequential,film_full,film_full_shared_head_sequential_tasks4_epochs5_hd128-128_lr1e-03_aplr1_apinit4_temp1_replaypct5_replaysize500,0.05,500,0,0,2,0,0.8065608301579965,0.02443222948962863,5
sdfc,shared_head,sequential,film_full,film_full_shared_head_sequential_tasks4_epochs5_hd128-128_lr1e-03_aplr1_apinit4_temp1_replaypct5_replaysize500,0.05,500,0,0,3,1,0.8245157939071668,0.03310570856155614,5
sdfc,shared_head,sequential,film_full,film_full_shared_head_sequential_tasks4_epochs5_hd128-128_lr1e-03_aplr1_apinit4_temp1_replaypct5_replaysize500,0.05,500,0,1,0,0,0.7844202466367503,0.0304680391973303,5
sdfc,shared_head,sequential,film_full,film_full_shared_head_sequential_tasks4_epochs5_hd128-128_lr1e-03_aplr1_apinit4_temp1_replaypct5_replaysize500,0.05,500,0,1,1,0,0.9999999999999958,2.482534153247273e-16,5
sdfc,shared_head,sequential,film_full,film_full_shared_head_sequential_tasks4_epochs5_hd128-128_lr1e-03_aplr1_apinit4_temp1_replaypct5_replaysize500,0.05,500,0,1,2,1,0.7870380756074512,0.029392736322374362,5
sdfc,shared_head,sequential,film_full,film_full_shared_head_sequential_tasks4_epochs5_hd128-128_lr1e-03_aplr1_apinit4_temp1_replaypct5_replaysize500,0.05,500,0,1,3,0,0.7902460227469026,0.03838306907243485,5
sdfc,shared_head,sequential,film_full,film_full_shared_head_sequential_tasks4_epochs5_hd128-128_lr1e-03_aplr1_apinit4_temp1_replaypct5_replaysize500,0.05,500,0,2,0,0,0.8065608301579965,0.02443222948962863,5
sdfc,shared_head,sequential,film_full,film_full_shared_head_sequential_tasks4_epochs5_hd128-128_lr1e-03_aplr1_apinit4_temp1_replaypct5_replaysize500,0.05,500,0,2,1,1,0.7870380756074512,0.029392736322374362,5
sdfc,shared_head,sequential,film_full,film_full_shared_head_sequential_tasks4_epochs5_hd128-128_lr1e-03_aplr1_apinit4_temp1_replaypct5_replaysize500,0.05,500,0,2,2,0,0.9999999999999958,2.482534153247273e-16,5
sdfc,shared_head,sequential,film_full,film_full_shared_head_sequential_tasks4_epochs5_hd128-128_lr1e-03_aplr1_apinit4_temp1_replaypct5_replaysize500,0.05,500,0,2,3,0,0.8067766656902743,0.024601735039528203,5
sdfc,shared_head,sequential,film_full,film_full_shared_head_sequential_tasks4_epochs5_hd128-128_lr1e-03_aplr1_apinit4_temp1_replaypct5_replaysize500,0.05,500,0,3,0,1,0.8245157939071668,0.03310570856155614,5
sdfc,shared_head,sequential,film_full,film_full_shared_head_sequential_tasks4_epochs5_hd128-128_lr1e-03_aplr1_apinit4_temp1_replaypct5_replaysize500,0.05,500,0,3,1,0,0.7902460227469026,0.03838306907243485,5
sdfc,shared_head,sequential,film_full,film_full_shared_head_sequential_tasks4_epochs5_hd128-128_lr1e-03_aplr1_apinit4_temp1_replaypct5_replaysize500,0.05,500,0,3,2,0,0.8067766656902743,0.024601735039528203,5
sdfc,shared_head,sequential,film_full,film_full_shared_head_sequential_tasks4_epochs5_hd128-128_lr1e-03_aplr1_apinit4_temp1_replaypct5_replaysize500,0.05,500,0,3,3,0,0.9999999999999956,2.0770370905276122e-16,5
sdfc,shared_head,sequential,film_full,film_full_shared_head_sequential_tasks4_epochs5_hd128-128_lr1e-03_aplr1_apinit4_temp1_replaypct5_replaysize500,0.05,500,1,0,0,0,0.9999999999999958,3.236828524569469e-16,5
sdfc,shared_head,sequential,film_full,film_full_shared_head_sequential_tasks4_epochs5_hd128-128_lr1e-03_aplr1_apinit4_temp1_replaypct5_replaysize500,0.05,500,1,0,1,0,0.8069916888232562,0.02560836579098194,5
sdfc,shared_head,sequential,film_full,film_full_shared_head_sequential_tasks4_epochs5_hd128-128_lr1e-03_aplr1_apinit4_temp1_replaypct5_replaysize500,0.05,500,1,0,2,0,0.8198983783457383,0.021634069896162417,5
sdfc,shared_head,sequential,film_full,film_full_shared_head_sequential_tasks4_epochs5_hd128-128_lr1e-03_aplr1_apinit4_temp1_replaypct5_replaysize500,0.05,500,1,0,3,1,0.7991597466738616,0.03369040773782781,5
sdfc,shared_head,sequential,film_full,film_full_shared_head_sequential_tasks4_epochs5_hd128-128_lr1e-03_aplr1_apinit4_temp1_replaypct5_replaysize500,0.05,500,1,1,0,0,0.8069916888232562,0.02560836579098194,5
sdfc,shared_head,sequential,film_full,film_full_shared_head_sequential_tasks4_epochs5_hd128-128_lr1e-03_aplr1_apinit4_temp1_replaypct5_replaysize500,0.05,500,1,1,1,0,0.9999999999999952,4.677452743560217e-16,5
sdfc,shared_head,sequential,film_full,film_full_shared_head_sequential_tasks4_epochs5_hd128-128_lr1e-03_aplr1_apinit4_temp1_replaypct5_replaysize500,0.05,500,1,1,2,1,0.8044363159004311,0.03041676266962373,5
sdfc,shared_head,sequential,film_full,film_full_shared_head_sequential_tasks4_epochs5_hd128-128_lr1e-03_aplr1_apinit4_temp1_replaypct5_replaysize500,0.05,500,1,1,3,0,0.8044263356205988,0.03243940385803348,5
sdfc,shared_head,sequential,film_full,film_full_shared_head_sequential_tasks4_epochs5_hd128-128_lr1e-03_aplr1_apinit4_temp1_replaypct5_replaysize500,0.05,500,1,2,0,0,0.8198983783457383,0.021634069896162417,5
sdfc,shared_head,sequential,film_full,film_full_shared_head_sequential_tasks4_epochs5_hd128-128_lr1e-03_aplr1_apinit4_temp1_replaypct5_replaysize500,0.05,500,1,2,1,1,0.8044363159004311,0.03041676266962373,5
sdfc,shared_head,sequential,film_full,film_full_shared_head_sequential_tasks4_epochs5_hd128-128_lr1e-03_aplr1_apinit4_temp1_replaypct5_replaysize500,0.05,500,1,2,2,0,0.9999999999999953,2.482534153247273e-16,5
sdfc,shared_head,sequential,film_full,film_full_shared_head_sequential_tasks4_epochs5_hd128-128_lr1e-03_aplr1_apinit4_temp1_replaypct5_replaysize500,0.05,500,1,2,3,0,0.8244642945518292,0.03538198431964591,5
sdfc,shared_head,sequential,film_full,film_full_shared_head_sequential_tasks4_epochs5_hd128-128_lr1e-03_aplr1_apinit4_temp1_replaypct5_replaysize500,0.05,500,1,3,0,1,0.7991597466738616,0.03369040773782781,5
sdfc,shared_head,sequential,film_full,film_full_shared_head_sequential_tasks4_epochs5_hd128-128_lr1e-03_aplr1_apinit4_temp1_replaypct5_replaysize500,0.05,500,1,3,1,0,0.8044263356205988,0.03243940385803348,5
sdfc,shared_head,sequential,film_full,film_full_shared_head_sequential_tasks4_epochs5_hd128-128_lr1e-03_aplr1_apinit4_temp1_replaypct5_replaysize500,0.05,500,1,3,2,0,0.8244642945518292,0.03538198431964591,5
sdfc,shared_head,sequential,film_full,film_full_shared_head_sequential_tasks4_epochs5_hd128-128_lr1e-03_aplr1_apinit4_temp1_replaypct5_replaysize500,0.05,500,1,3,3,0,0.9999999999999952,4.1910000110727263e-16,5
